frame,action,winner_attempt,production_run_path_original,archive_run_path,prompt_path,prompt_sha256,source_imagegen_path,source_imagegen_sha256,raw_path,raw_sha256,alpha_path,alpha_sha256,winner_source_path,winner_sha256,accepted_path,accepted_sha256,source_equals_accepted,provenance_path,parent_gate_summary,source_frame,source_candidate_status,source_status_history,source_manifest_path,source_manifest_row_count,selection_evidence_path,final_acceptance_basis
00,idle,03,docs/art-source/one-frame-method-fullrun-20260724/ferret-sable-panda-set00-oneframe-62,E:/Development/AnimalDesktop-asset-archives/20260724-ferret-three-variants/ferret-sable-panda-set00-oneframe-62,docs/art-source/one-frame-method-fullrun-20260724/ferret-sable-panda-set00-oneframe-62/prompts/frame-00-attempt-03.txt,ae0b6d1471b1543ac2a29d63b77d1aeb6d70e01a32e519bcd1c74d04bb46c1f8,C:/Users/User/.codex/generated_images/019f90f3-d60e-7912-bf25-1266d016ed57/call_qIWvNKPObiPG1L4hCY8wHPYh.png,26aba2b8a61ec422cb125f517aa3d188ea40cfda574f63cb20bfaaa139302369,docs/art-source/one-frame-method-fullrun-20260724/ferret-sable-panda-set00-oneframe-62/raw/frame-00-attempt-03-raw.png,26aba2b8a61ec422cb125f517aa3d188ea40cfda574f63cb20bfaaa139302369,docs/art-source/one-frame-method-fullrun-20260724/ferret-sable-panda-set00-oneframe-62/alpha/frame-00-attempt-03-alpha.png,061b5c12a20f9b133b731a4caf01ca3da7f0c7d596e6f7f57604fedd97c05edf,docs/art-source/one-frame-method-fullrun-20260724/ferret-sable-panda-set00-oneframe-62/frames/frame-00.png,061b5c12a20f9b133b731a4caf01ca3da7f0c7d596e6f7f57604fedd97c05edf,docs/art-source/ferret-sable-panda/motion-source/accepted-frames/set00/frame-00.png,061b5c12a20f9b133b731a4caf01ca3da7f0c7d596e6f7f57604fedd97c05edf,true,docs/art-source/one-frame-method-fullrun-20260724/ferret-sable-panda-set00-oneframe-62/qa/frame-00-attempt-03-prepare.json,docs/art-source/ferret-sable-panda/motion-source/qa/parent-verdict-set00.md,00,candidate_parent_gate,candidate_parent_gate,docs/art-source/one-frame-method-fullrun-20260724/ferret-sable-panda-set00-oneframe-62/manifest.csv,1,docs/art-source/one-frame-method-fullrun-20260724/ferret-sable-panda-set00-oneframe-62/qa/final-53-61/final-62/canonical-00-61-verification.json,unique archived alpha SHA-256 equals accepted frame; parent-approved final canonical set
01,idle,01,docs/art-source/one-frame-method-fullrun-20260724/ferret-sable-panda-set00-oneframe-62,E:/Development/AnimalDesktop-asset-archives/20260724-ferret-three-variants/ferret-sable-panda-set00-oneframe-62,docs/art-source/one-frame-method-fullrun-20260724/ferret-sable-panda-set00-oneframe-62/prompts/frame-01-attempt-01.txt,877a5aaaefa6db4f92bf479c3b0359a699138163fc2b9e3ddaaf09141a903b35,C:/Users/User/.codex/generated_images/019f90f3-d60e-7912-bf25-1266d016ed57/call_eShygHJ6cjpDR9BwCdFmG0Q5.png,147a28fc4eeb5a981a64e9581a203b8e76337cc96c586c5c1138bd63afb52976,docs/art-source/one-frame-method-fullrun-20260724/ferret-sable-panda-set00-oneframe-62/raw/frame-01-attempt-01-raw.png,147a28fc4eeb5a981a64e9581a203b8e76337cc96c586c5c1138bd63afb52976,docs/art-source/one-frame-method-fullrun-20260724/ferret-sable-panda-set00-oneframe-62/alpha/frame-01-attempt-01-alpha.png,f81c5f60e21efc71ba93d29e9902f03a05a0fffb7e01eb535281e5b43b09ff1c,docs/art-source/one-frame-method-fullrun-20260724/ferret-sable-panda-set00-oneframe-62/frames/frame-01.png,f81c5f60e21efc71ba93d29e9902f03a05a0fffb7e01eb535281e5b43b09ff1c,docs/art-source/ferret-sable-panda/motion-source/accepted-frames/set00/frame-01.png,f81c5f60e21efc71ba93d29e9902f03a05a0fffb7e01eb535281e5b43b09ff1c,true,docs/art-source/one-frame-method-fullrun-20260724/ferret-sable-panda-set00-oneframe-62/qa/frame-01-attempt-01-prepare.json,docs/art-source/ferret-sable-panda/motion-source/qa/parent-verdict-set00.md,01,candidate_parent_gate,candidate_parent_gate,docs/art-source/one-frame-method-fullrun-20260724/ferret-sable-panda-set00-oneframe-62/manifest.csv,1,docs/art-source/one-frame-method-fullrun-20260724/ferret-sable-panda-set00-oneframe-62/qa/final-53-61/final-62/canonical-00-61-verification.json,unique archived alpha SHA-256 equals accepted frame; parent-approved final canonical set
02,idle,02,docs/art-source/one-frame-method-fullrun-20260724/ferret-sable-panda-set00-oneframe-62,E:/Development/AnimalDesktop-asset-archives/20260724-ferret-three-variants/ferret-sable-panda-set00-oneframe-62,docs/art-source/one-frame-method-fullrun-20260724/ferret-sable-panda-set00-oneframe-62/prompts/frame-02-attempt-02.txt,26a06e21c0a8995c927ed0726fbebb5939530805d9303496a23d89890cafb791,C:/Users/User/.codex/generated_images/019f90f3-d60e-7912-bf25-1266d016ed57/call_TPkNZLRUouDcKAALMEg1FUqV.png,17ee65c8a396e9943f092c3eb7b2add0c98d9415c0bf3aff8bbea410acb6cecc,docs/art-source/one-frame-method-fullrun-20260724/ferret-sable-panda-set00-oneframe-62/raw/frame-02-attempt-02-raw.png,17ee65c8a396e9943f092c3eb7b2add0c98d9415c0bf3aff8bbea410acb6cecc,docs/art-source/one-frame-method-fullrun-20260724/ferret-sable-panda-set00-oneframe-62/alpha/frame-02-attempt-02-alpha.png,26725bbf2590116532be53211b54f3aa2014ae2d00b79d7f99caa09750636ed9,docs/art-source/one-frame-method-fullrun-20260724/ferret-sable-panda-set00-oneframe-62/frames/frame-02.png,26725bbf2590116532be53211b54f3aa2014ae2d00b79d7f99caa09750636ed9,docs/art-source/ferret-sable-panda/motion-source/accepted-frames/set00/frame-02.png,26725bbf2590116532be53211b54f3aa2014ae2d00b79d7f99caa09750636ed9,true,docs/art-source/one-frame-method-fullrun-20260724/ferret-sable-panda-set00-oneframe-62/qa/frame-02-attempt-02-prepare.json,docs/art-source/ferret-sable-panda/motion-source/qa/parent-verdict-set00.md,02,candidate_parent_gate,candidate_parent_gate,docs/art-source/one-frame-method-fullrun-20260724/ferret-sable-panda-set00-oneframe-62/manifest.csv,1,docs/art-source/one-frame-method-fullrun-20260724/ferret-sable-panda-set00-oneframe-62/qa/final-53-61/final-62/canonical-00-61-verification.json,unique archived alpha SHA-256 equals accepted frame; parent-approved final canonical set
03,idle,03,docs/art-source/one-frame-method-fullrun-20260724/ferret-sable-panda-set00-oneframe-62,E:/Development/AnimalDesktop-asset-archives/20260724-ferret-three-variants/ferret-sable-panda-set00-oneframe-62,docs/art-source/one-frame-method-fullrun-20260724/ferret-sable-panda-set00-oneframe-62/prompts/frame-03-attempt-03.txt,43e38753239fd19c57ca894e9f9ff0faf3cf58ca1506f04a7ba2ca0993f62691,C:/Users/User/.codex/generated_images/019f90f3-d60e-7912-bf25-1266d016ed57/call_UIvZG2QFv8oYeyX0wdrGA3hZ.png,28c638444e11aacd596dc2225dc3b248afe74066125844815b6f9f5057b642d4,docs/art-source/one-frame-method-fullrun-20260724/ferret-sable-panda-set00-oneframe-62/raw/frame-03-attempt-03-raw.png,28c638444e11aacd596dc2225dc3b248afe74066125844815b6f9f5057b642d4,docs/art-source/one-frame-method-fullrun-20260724/ferret-sable-panda-set00-oneframe-62/alpha/frame-03-attempt-03-alpha.png,01bda673ebb539267e89f616d53a134b43736776f1c7bfb93c0c3b686cd54c13,docs/art-source/one-frame-method-fullrun-20260724/ferret-sable-panda-set00-oneframe-62/frames/frame-03.png,01bda673ebb539267e89f616d53a134b43736776f1c7bfb93c0c3b686cd54c13,docs/art-source/ferret-sable-panda/motion-source/accepted-frames/set00/frame-03.png,01bda673ebb539267e89f616d53a134b43736776f1c7bfb93c0c3b686cd54c13,true,docs/art-source/one-frame-method-fullrun-20260724/ferret-sable-panda-set00-oneframe-62/qa/frame-03-attempt-03-prepare.json,docs/art-source/ferret-sable-panda/motion-source/qa/parent-verdict-set00.md,03,candidate_parent_gate,candidate_parent_gate,docs/art-source/one-frame-method-fullrun-20260724/ferret-sable-panda-set00-oneframe-62/manifest.csv,1,docs/art-source/one-frame-method-fullrun-20260724/ferret-sable-panda-set00-oneframe-62/qa/final-53-61/final-62/canonical-00-61-verification.json,unique archived alpha SHA-256 equals accepted frame; parent-approved final canonical set
04,low_slink,01,docs/art-source/one-frame-method-fullrun-20260724/ferret-sable-panda-set00-oneframe-62,E:/Development/AnimalDesktop-asset-archives/20260724-ferret-three-variants/ferret-sable-panda-set00-oneframe-62,docs/art-source/one-frame-method-fullrun-20260724/ferret-sable-panda-set00-oneframe-62/prompts/frame-04-attempt-01.txt,794634195a9b9715dca8b8cc3a262e87bba4b40429940f56c10ac3b0cd0a5c42,C:/Users/User/.codex/generated_images/019f90f3-d60e-7912-bf25-1266d016ed57/call_Zoxu49T5Ho9Gry7LFa07gGGl.png,0fb097dead1ee10578a771a3ef8bfe640bffd55a65b5d38e7bebdce9bb58af83,docs/art-source/one-frame-method-fullrun-20260724/ferret-sable-panda-set00-oneframe-62/raw/frame-04-attempt-01-raw.png,0fb097dead1ee10578a771a3ef8bfe640bffd55a65b5d38e7bebdce9bb58af83,docs/art-source/one-frame-method-fullrun-20260724/ferret-sable-panda-set00-oneframe-62/alpha/frame-04-attempt-01-alpha.png,77a03b474aebed243bdfd9ee12d68c0dd001de89cd3e05b970bc7d459f00f130,docs/art-source/one-frame-method-fullrun-20260724/ferret-sable-panda-set00-oneframe-62/frames/frame-04.png,77a03b474aebed243bdfd9ee12d68c0dd001de89cd3e05b970bc7d459f00f130,docs/art-source/ferret-sable-panda/motion-source/accepted-frames/set00/frame-04.png,77a03b474aebed243bdfd9ee12d68c0dd001de89cd3e05b970bc7d459f00f130,true,docs/art-source/one-frame-method-fullrun-20260724/ferret-sable-panda-set00-oneframe-62/qa/frame-04-attempt-01-prepare.json,docs/art-source/ferret-sable-panda/motion-source/qa/parent-verdict-set00.md,04,candidate_parent_gate,candidate_parent_gate,docs/art-source/one-frame-method-fullrun-20260724/ferret-sable-panda-set00-oneframe-62/manifest.csv,1,docs/art-source/one-frame-method-fullrun-20260724/ferret-sable-panda-set00-oneframe-62/qa/final-53-61/final-62/canonical-00-61-verification.json,unique archived alpha SHA-256 equals accepted frame; parent-approved final canonical set
05,low_slink,01,docs/art-source/one-frame-method-fullrun-20260724/ferret-sable-panda-set00-oneframe-62,E:/Development/AnimalDesktop-asset-archives/20260724-ferret-three-variants/ferret-sable-panda-set00-oneframe-62,docs/art-source/one-frame-method-fullrun-20260724/ferret-sable-panda-set00-oneframe-62/prompts/frame-05-attempt-01.txt,de9524d2f99bf00650d631136c520112a2221114ba6a46640b3f3c95eb497d32,C:/Users/User/.codex/generated_images/019f90f3-d60e-7912-bf25-1266d016ed57/call_CDIDPVSdPCR3QI5EeF5YCLjt.png,d45e5aa0ea8bd30896e6091dca34224b7f3a64c5474e43288cf9c28d9e34aacb,docs/art-source/one-frame-method-fullrun-20260724/ferret-sable-panda-set00-oneframe-62/raw/frame-05-attempt-01-raw.png,d45e5aa0ea8bd30896e6091dca34224b7f3a64c5474e43288cf9c28d9e34aacb,docs/art-source/one-frame-method-fullrun-20260724/ferret-sable-panda-set00-oneframe-62/alpha/frame-05-attempt-01-alpha.png,61f4d784ef74471d75bcd06fd5fc2b4d478a9eeea05877aaca651830ae5f6b3e,docs/art-source/one-frame-method-fullrun-20260724/ferret-sable-panda-set00-oneframe-62/frames/frame-05.png,61f4d784ef74471d75bcd06fd5fc2b4d478a9eeea05877aaca651830ae5f6b3e,docs/art-source/ferret-sable-panda/motion-source/accepted-frames/set00/frame-05.png,61f4d784ef74471d75bcd06fd5fc2b4d478a9eeea05877aaca651830ae5f6b3e,true,docs/art-source/one-frame-method-fullrun-20260724/ferret-sable-panda-set00-oneframe-62/qa/frame-05-attempt-01-prepare.json,docs/art-source/ferret-sable-panda/motion-source/qa/parent-verdict-set00.md,05,candidate_parent_gate,candidate_parent_gate,docs/art-source/one-frame-method-fullrun-20260724/ferret-sable-panda-set00-oneframe-62/manifest.csv,1,docs/art-source/one-frame-method-fullrun-20260724/ferret-sable-panda-set00-oneframe-62/qa/final-53-61/final-62/canonical-00-61-verification.json,unique archived alpha SHA-256 equals accepted frame; parent-approved final canonical set
06,low_slink,01,docs/art-source/one-frame-method-fullrun-20260724/ferret-sable-panda-set00-oneframe-62,E:/Development/AnimalDesktop-asset-archives/20260724-ferret-three-variants/ferret-sable-panda-set00-oneframe-62,docs/art-source/one-frame-method-fullrun-20260724/ferret-sable-panda-set00-oneframe-62/prompts/frame-06-attempt-01.txt,bb0c662934ec38729a4e9e9af5cb82f29787ba3b0d2df891e588688b36bd20b4,C:/Users/User/.codex/generated_images/019f90f3-d60e-7912-bf25-1266d016ed57/call_oqjEKBKwn6cHp9iuEn6jl9db.png,4e04b89e86a32d41e058c204138cb33c1c77d3a02f5cc81716f94cc5f5c8d315,docs/art-source/one-frame-method-fullrun-20260724/ferret-sable-panda-set00-oneframe-62/raw/frame-06-attempt-01-raw.png,4e04b89e86a32d41e058c204138cb33c1c77d3a02f5cc81716f94cc5f5c8d315,docs/art-source/one-frame-method-fullrun-20260724/ferret-sable-panda-set00-oneframe-62/alpha/frame-06-attempt-01-alpha.png,349e11d2ab9acbf78c1f836191ada3d6a376a464c2422c1d80a0843d6603808c,docs/art-source/one-frame-method-fullrun-20260724/ferret-sable-panda-set00-oneframe-62/frames/frame-06.png,349e11d2ab9acbf78c1f836191ada3d6a376a464c2422c1d80a0843d6603808c,docs/art-source/ferret-sable-panda/motion-source/accepted-frames/set00/frame-06.png,349e11d2ab9acbf78c1f836191ada3d6a376a464c2422c1d80a0843d6603808c,true,docs/art-source/one-frame-method-fullrun-20260724/ferret-sable-panda-set00-oneframe-62/qa/frame-06-attempt-01-prepare.json,docs/art-source/ferret-sable-panda/motion-source/qa/parent-verdict-set00.md,06,candidate_parent_gate,candidate_parent_gate,docs/art-source/one-frame-method-fullrun-20260724/ferret-sable-panda-set00-oneframe-62/manifest.csv,1,docs/art-source/one-frame-method-fullrun-20260724/ferret-sable-panda-set00-oneframe-62/qa/final-53-61/final-62/canonical-00-61-verification.json,unique archived alpha SHA-256 equals accepted frame; parent-approved final canonical set
07,low_slink,01,docs/art-source/one-frame-method-fullrun-20260724/ferret-sable-panda-set00-oneframe-62,E:/Development/AnimalDesktop-asset-archives/20260724-ferret-three-variants/ferret-sable-panda-set00-oneframe-62,docs/art-source/one-frame-method-fullrun-20260724/ferret-sable-panda-set00-oneframe-62/prompts/frame-07-attempt-01.txt,51d0270b64db9ae5a610037a9156896ccb3f3341a9429d518822a7d882320889,C:/Users/User/.codex/generated_images/019f90f3-d60e-7912-bf25-1266d016ed57/call_tBtvcRgTRK6NIO2if6GUhdrI.png,3801f9f9a3ec371cf136b8678ce4697e6a2c97489f7a27df8d9b83a3445b5287,docs/art-source/one-frame-method-fullrun-20260724/ferret-sable-panda-set00-oneframe-62/raw/frame-07-attempt-01-raw.png,3801f9f9a3ec371cf136b8678ce4697e6a2c97489f7a27df8d9b83a3445b5287,docs/art-source/one-frame-method-fullrun-20260724/ferret-sable-panda-set00-oneframe-62/alpha/frame-07-attempt-01-alpha.png,091beb8f070018ef0b0fc2303622e02629f3306c8f38bddb5506f556deb512b2,docs/art-source/one-frame-method-fullrun-20260724/ferret-sable-panda-set00-oneframe-62/frames/frame-07.png,091beb8f070018ef0b0fc2303622e02629f3306c8f38bddb5506f556deb512b2,docs/art-source/ferret-sable-panda/motion-source/accepted-frames/set00/frame-07.png,091beb8f070018ef0b0fc2303622e02629f3306c8f38bddb5506f556deb512b2,true,docs/art-source/one-frame-method-fullrun-20260724/ferret-sable-panda-set00-oneframe-62/qa/frame-07-attempt-01-prepare.json,docs/art-source/ferret-sable-panda/motion-source/qa/parent-verdict-set00.md,07,candidate_parent_gate,candidate_parent_gate,docs/art-source/one-frame-method-fullrun-20260724/ferret-sable-panda-set00-oneframe-62/manifest.csv,1,docs/art-source/one-frame-method-fullrun-20260724/ferret-sable-panda-set00-oneframe-62/qa/final-53-61/final-62/canonical-00-61-verification.json,unique archived alpha SHA-256 equals accepted frame; parent-approved final canonical set
08,low_slink,01,docs/art-source/one-frame-method-fullrun-20260724/ferret-sable-panda-set00-oneframe-62,E:/Development/AnimalDesktop-asset-archives/20260724-ferret-three-variants/ferret-sable-panda-set00-oneframe-62,docs/art-source/one-frame-method-fullrun-20260724/ferret-sable-panda-set00-oneframe-62/prompts/frame-08-attempt-01.txt,bc1c8e48dddeef6075d7be4be330899cd4d04273b50465d64a251500010cdbff,C:/Users/User/.codex/generated_images/019f90f3-d60e-7912-bf25-1266d016ed57/call_9R00ekPzJnvWQb47g2JCjlqQ.png,6bf54a5e73457a5f282873844f18ed755ccc41c100f4e1c68ed75b78e178a0d8,docs/art-source/one-frame-method-fullrun-20260724/ferret-sable-panda-set00-oneframe-62/raw/frame-08-attempt-01-raw.png,6bf54a5e73457a5f282873844f18ed755ccc41c100f4e1c68ed75b78e178a0d8,docs/art-source/one-frame-method-fullrun-20260724/ferret-sable-panda-set00-oneframe-62/alpha/frame-08-attempt-01-alpha.png,3b58eab49e6d0f4dce2f393673f27e83a3f8fc44b9a714570699a1e3cabbe9b0,docs/art-source/one-frame-method-fullrun-20260724/ferret-sable-panda-set00-oneframe-62/frames/frame-08.png,3b58eab49e6d0f4dce2f393673f27e83a3f8fc44b9a714570699a1e3cabbe9b0,docs/art-source/ferret-sable-panda/motion-source/accepted-frames/set00/frame-08.png,3b58eab49e6d0f4dce2f393673f27e83a3f8fc44b9a714570699a1e3cabbe9b0,true,docs/art-source/one-frame-method-fullrun-20260724/ferret-sable-panda-set00-oneframe-62/qa/frame-08-attempt-01-prepare.json,docs/art-source/ferret-sable-panda/motion-source/qa/parent-verdict-set00.md,08,candidate_parent_gate,candidate_parent_gate,docs/art-source/one-frame-method-fullrun-20260724/ferret-sable-panda-set00-oneframe-62/manifest.csv,1,docs/art-source/one-frame-method-fullrun-20260724/ferret-sable-panda-set00-oneframe-62/qa/final-53-61/final-62/canonical-00-61-verification.json,unique archived alpha SHA-256 equals accepted frame; parent-approved final canonical set
09,low_slink,02,docs/art-source/one-frame-method-fullrun-20260724/ferret-sable-panda-set00-oneframe-62,E:/Development/AnimalDesktop-asset-archives/20260724-ferret-three-variants/ferret-sable-panda-set00-oneframe-62,docs/art-source/one-frame-method-fullrun-20260724/ferret-sable-panda-set00-oneframe-62/prompts/frame-09-attempt-02.txt,dd8c8b3b694aed0b3a9b241700bab463f3a27656cb2e8f13dc7e5f0a63e0eb1f,C:/Users/User/.codex/generated_images/019f90f3-d60e-7912-bf25-1266d016ed57/call_HngROtC0E5Xn8rPNAx7osZ9y.png,0e978c09d8a24d25fe450214a724dc143ae534ef1765ed24883a7d3700f5181f,docs/art-source/one-frame-method-fullrun-20260724/ferret-sable-panda-set00-oneframe-62/raw/frame-09-attempt-02-raw.png,0e978c09d8a24d25fe450214a724dc143ae534ef1765ed24883a7d3700f5181f,docs/art-source/one-frame-method-fullrun-20260724/ferret-sable-panda-set00-oneframe-62/alpha/frame-09-attempt-02-alpha.png,deaa5b867b019a17d1013a3d8ac1d6a852efb4629fe5c688c9fdb56c78938eb5,docs/art-source/one-frame-method-fullrun-20260724/ferret-sable-panda-set00-oneframe-62/frames/frame-09.png,deaa5b867b019a17d1013a3d8ac1d6a852efb4629fe5c688c9fdb56c78938eb5,docs/art-source/ferret-sable-panda/motion-source/accepted-frames/set00/frame-09.png,deaa5b867b019a17d1013a3d8ac1d6a852efb4629fe5c688c9fdb56c78938eb5,true,docs/art-source/one-frame-method-fullrun-20260724/ferret-sable-panda-set00-oneframe-62/qa/frame-09-attempt-02-prepare.json,docs/art-source/ferret-sable-panda/motion-source/qa/parent-verdict-set00.md,09,candidate_parent_gate,candidate_parent_gate,docs/art-source/one-frame-method-fullrun-20260724/ferret-sable-panda-set00-oneframe-62/manifest.csv,1,docs/art-source/one-frame-method-fullrun-20260724/ferret-sable-panda-set00-oneframe-62/qa/final-53-61/final-62/canonical-00-61-verification.json,unique archived alpha SHA-256 equals accepted frame; parent-approved final canonical set
10,low_slink,01,docs/art-source/one-frame-method-fullrun-20260724/ferret-sable-panda-set00-oneframe-62,E:/Development/AnimalDesktop-asset-archives/20260724-ferret-three-variants/ferret-sable-panda-set00-oneframe-62,docs/art-source/one-frame-method-fullrun-20260724/ferret-sable-panda-set00-oneframe-62/prompts/frame-10-attempt-01.txt,9fee355bb04200a0d422d15360c6f05dff1fa5d918c896d6d3839a8dfc1390aa,C:/Users/User/.codex/generated_images/019f90f3-d60e-7912-bf25-1266d016ed57/call_sJsON4pcixV4qiGzxjwcJKOV.png,1e87afe15d4ce74ec106673ec031c876bf29a94fef6a3ebb7004e6aa866b6919,docs/art-source/one-frame-method-fullrun-20260724/ferret-sable-panda-set00-oneframe-62/raw/frame-10-attempt-01-raw.png,1e87afe15d4ce74ec106673ec031c876bf29a94fef6a3ebb7004e6aa866b6919,docs/art-source/one-frame-method-fullrun-20260724/ferret-sable-panda-set00-oneframe-62/alpha/frame-10-attempt-01-alpha.png,d2e071530aa97f3ac54acf3b4b54012dcfd1263df1f255361e982ba8e0b1db66,docs/art-source/one-frame-method-fullrun-20260724/ferret-sable-panda-set00-oneframe-62/frames/frame-10.png,d2e071530aa97f3ac54acf3b4b54012dcfd1263df1f255361e982ba8e0b1db66,docs/art-source/ferret-sable-panda/motion-source/accepted-frames/set00/frame-10.png,d2e071530aa97f3ac54acf3b4b54012dcfd1263df1f255361e982ba8e0b1db66,true,docs/art-source/one-frame-method-fullrun-20260724/ferret-sable-panda-set00-oneframe-62/qa/frame-10-attempt-01-prepare.json,docs/art-source/ferret-sable-panda/motion-source/qa/parent-verdict-set00.md,10,candidate_parent_gate,candidate_parent_gate,docs/art-source/one-frame-method-fullrun-20260724/ferret-sable-panda-set00-oneframe-62/manifest.csv,1,docs/art-source/one-frame-method-fullrun-20260724/ferret-sable-panda-set00-oneframe-62/qa/final-53-61/final-62/canonical-00-61-verification.json,unique archived alpha SHA-256 equals accepted frame; parent-approved final canonical set
11,low_slink,01,docs/art-source/one-frame-method-fullrun-20260724/ferret-sable-panda-set00-oneframe-62,E:/Development/AnimalDesktop-asset-archives/20260724-ferret-three-variants/ferret-sable-panda-set00-oneframe-62,docs/art-source/one-frame-method-fullrun-20260724/ferret-sable-panda-set00-oneframe-62/prompts/frame-11-attempt-01.txt,dcd6355784e4c854b9b0f26e8a431cfb4c9de27c19ae74b2ce5e647d482da6a0,C:/Users/User/.codex/generated_images/019f90f3-d60e-7912-bf25-1266d016ed57/call_RewQ1Jjo9L2kKJu5NvNm8P0U.png,3961e708d284220d35a0f082db3151ab31a848c4ab12a5c57c3956e3519df661,docs/art-source/one-frame-method-fullrun-20260724/ferret-sable-panda-set00-oneframe-62/raw/frame-11-attempt-01-raw.png,3961e708d284220d35a0f082db3151ab31a848c4ab12a5c57c3956e3519df661,docs/art-source/one-frame-method-fullrun-20260724/ferret-sable-panda-set00-oneframe-62/alpha/frame-11-attempt-01-alpha.png,af777204e62ddb3673dd62c3d3be40cf89ec2fb139c87b1e27f7aa4ed9c160a8,docs/art-source/one-frame-method-fullrun-20260724/ferret-sable-panda-set00-oneframe-62/frames/frame-11.png,af777204e62ddb3673dd62c3d3be40cf89ec2fb139c87b1e27f7aa4ed9c160a8,docs/art-source/ferret-sable-panda/motion-source/accepted-frames/set00/frame-11.png,af777204e62ddb3673dd62c3d3be40cf89ec2fb139c87b1e27f7aa4ed9c160a8,true,docs/art-source/one-frame-method-fullrun-20260724/ferret-sable-panda-set00-oneframe-62/qa/frame-11-attempt-01-prepare.json,docs/art-source/ferret-sable-panda/motion-source/qa/parent-verdict-set00.md,11,candidate_parent_gate,candidate_parent_gate,docs/art-source/one-frame-method-fullrun-20260724/ferret-sable-panda-set00-oneframe-62/manifest.csv,1,docs/art-source/one-frame-method-fullrun-20260724/ferret-sable-panda-set00-oneframe-62/qa/final-53-61/final-62/canonical-00-61-verification.json,unique archived alpha SHA-256 equals accepted frame; parent-approved final canonical set
12,scurry,01,docs/art-source/one-frame-method-fullrun-20260724/ferret-sable-panda-set00-oneframe-62,E:/Development/AnimalDesktop-asset-archives/20260724-ferret-three-variants/ferret-sable-panda-set00-oneframe-62,docs/art-source/one-frame-method-fullrun-20260724/ferret-sable-panda-set00-oneframe-62/prompts/frame-12-attempt-01.txt,15fdaab7d6d7aaaa2200835ebc1825891ca7516dcf5248841c7de11058468931,C:/Users/User/.codex/generated_images/019f90f3-d60e-7912-bf25-1266d016ed57/call_HYduTnR5aFjIYqG6b7UZuOJu.png,e30d5b06779dcc946e1cee9804e88c5bd022ae9b63a48444248cb08d4ff91e9c,docs/art-source/one-frame-method-fullrun-20260724/ferret-sable-panda-set00-oneframe-62/raw/frame-12-attempt-01-raw.png,e30d5b06779dcc946e1cee9804e88c5bd022ae9b63a48444248cb08d4ff91e9c,docs/art-source/one-frame-method-fullrun-20260724/ferret-sable-panda-set00-oneframe-62/alpha/frame-12-attempt-01-alpha.png,17a1e04d3755f770e10bfc84b00fca2e9270d63c2659a0c66cdd14ef1cfde8d1,docs/art-source/one-frame-method-fullrun-20260724/ferret-sable-panda-set00-oneframe-62/frames/frame-12.png,17a1e04d3755f770e10bfc84b00fca2e9270d63c2659a0c66cdd14ef1cfde8d1,docs/art-source/ferret-sable-panda/motion-source/accepted-frames/set00/frame-12.png,17a1e04d3755f770e10bfc84b00fca2e9270d63c2659a0c66cdd14ef1cfde8d1,true,docs/art-source/one-frame-method-fullrun-20260724/ferret-sable-panda-set00-oneframe-62/qa/frame-12-attempt-01-prepare.json,docs/art-source/ferret-sable-panda/motion-source/qa/parent-verdict-set00.md,12,candidate_parent_gate,candidate_parent_gate,docs/art-source/one-frame-method-fullrun-20260724/ferret-sable-panda-set00-oneframe-62/manifest.csv,1,docs/art-source/one-frame-method-fullrun-20260724/ferret-sable-panda-set00-oneframe-62/qa/final-53-61/final-62/canonical-00-61-verification.json,unique archived alpha SHA-256 equals accepted frame; parent-approved final canonical set
13,scurry,01,docs/art-source/one-frame-method-fullrun-20260724/ferret-sable-panda-set00-oneframe-62,E:/Development/AnimalDesktop-asset-archives/20260724-ferret-three-variants/ferret-sable-panda-set00-oneframe-62,docs/art-source/one-frame-method-fullrun-20260724/ferret-sable-panda-set00-oneframe-62/prompts/frame-13-attempt-01.txt,73ea593553582f362f6a0c98a71ab094827e58e436dbb142023d6c4c61a26a26,C:/Users/User/.codex/generated_images/019f90f3-d60e-7912-bf25-1266d016ed57/call_3WueHLa22pVZhHntEEnwau8q.png,5c4f706f3b26a47aa8e137c73300d3e50afc7ff0081fadd2401b1ddd9037101f,docs/art-source/one-frame-method-fullrun-20260724/ferret-sable-panda-set00-oneframe-62/raw/frame-13-attempt-01-raw.png,5c4f706f3b26a47aa8e137c73300d3e50afc7ff0081fadd2401b1ddd9037101f,docs/art-source/one-frame-method-fullrun-20260724/ferret-sable-panda-set00-oneframe-62/alpha/frame-13-attempt-01-alpha.png,be7dc7ebf5eae70ae67dafc6ea51ba1e0e2bf2640305c1a71b05422da1691916,docs/art-source/one-frame-method-fullrun-20260724/ferret-sable-panda-set00-oneframe-62/frames/frame-13.png,be7dc7ebf5eae70ae67dafc6ea51ba1e0e2bf2640305c1a71b05422da1691916,docs/art-source/ferret-sable-panda/motion-source/accepted-frames/set00/frame-13.png,be7dc7ebf5eae70ae67dafc6ea51ba1e0e2bf2640305c1a71b05422da1691916,true,docs/art-source/one-frame-method-fullrun-20260724/ferret-sable-panda-set00-oneframe-62/qa/frame-13-attempt-01-prepare.json,docs/art-source/ferret-sable-panda/motion-source/qa/parent-verdict-set00.md,13,candidate_parent_gate,candidate_parent_gate,docs/art-source/one-frame-method-fullrun-20260724/ferret-sable-panda-set00-oneframe-62/manifest.csv,1,docs/art-source/one-frame-method-fullrun-20260724/ferret-sable-panda-set00-oneframe-62/qa/final-53-61/final-62/canonical-00-61-verification.json,unique archived alpha SHA-256 equals accepted frame; parent-approved final canonical set
14,scurry,01,docs/art-source/one-frame-method-fullrun-20260724/ferret-sable-panda-set00-oneframe-62,E:/Development/AnimalDesktop-asset-archives/20260724-ferret-three-variants/ferret-sable-panda-set00-oneframe-62,docs/art-source/one-frame-method-fullrun-20260724/ferret-sable-panda-set00-oneframe-62/prompts/frame-14-attempt-01.txt,cb6bb8670cd60a5139ef48eaf7f3f0f80a6ebe0e30548de7db0dd489c5198810,C:/Users/User/.codex/generated_images/019f90f3-d60e-7912-bf25-1266d016ed57/call_WCy3geuMMQmcQVxjzKSqLlEC.png,02296aa6b7491fbd03599be2242c314d1f59ac808415e1fee19d987ac48eebbf,docs/art-source/one-frame-method-fullrun-20260724/ferret-sable-panda-set00-oneframe-62/raw/frame-14-attempt-01-raw.png,02296aa6b7491fbd03599be2242c314d1f59ac808415e1fee19d987ac48eebbf,docs/art-source/one-frame-method-fullrun-20260724/ferret-sable-panda-set00-oneframe-62/alpha/frame-14-attempt-01-alpha.png,5c8c45d5a96164a1f0a1007b6f4434fd2f93a3a638501467839fdcbba84c55b3,docs/art-source/one-frame-method-fullrun-20260724/ferret-sable-panda-set00-oneframe-62/frames/frame-14.png,5c8c45d5a96164a1f0a1007b6f4434fd2f93a3a638501467839fdcbba84c55b3,docs/art-source/ferret-sable-panda/motion-source/accepted-frames/set00/frame-14.png,5c8c45d5a96164a1f0a1007b6f4434fd2f93a3a638501467839fdcbba84c55b3,true,docs/art-source/one-frame-method-fullrun-20260724/ferret-sable-panda-set00-oneframe-62/qa/frame-14-attempt-01-prepare.json,docs/art-source/ferret-sable-panda/motion-source/qa/parent-verdict-set00.md,14,candidate_parent_gate,candidate_parent_gate,docs/art-source/one-frame-method-fullrun-20260724/ferret-sable-panda-set00-oneframe-62/manifest.csv,1,docs/art-source/one-frame-method-fullrun-20260724/ferret-sable-panda-set00-oneframe-62/qa/final-53-61/final-62/canonical-00-61-verification.json,unique archived alpha SHA-256 equals accepted frame; parent-approved final canonical set
15,scurry,02,docs/art-source/one-frame-method-fullrun-20260724/ferret-sable-panda-set00-oneframe-62,E:/Development/AnimalDesktop-asset-archives/20260724-ferret-three-variants/ferret-sable-panda-set00-oneframe-62,docs/art-source/one-frame-method-fullrun-20260724/ferret-sable-panda-set00-oneframe-62/prompts/frame-15-attempt-02.txt,8f37195033d1c158fc0c0f5ec13f627c6188edf52709dd4630084faed02ba714,C:/Users/User/.codex/generated_images/019f90f3-d60e-7912-bf25-1266d016ed57/call_iv5SW0c0xHZqN3FInMqqvSG5.png,b6646dac2673eea8edbbe3b74c71a2f570172d644fa66ac8bae02a4e3d045464,docs/art-source/one-frame-method-fullrun-20260724/ferret-sable-panda-set00-oneframe-62/raw/frame-15-attempt-02-raw.png,b6646dac2673eea8edbbe3b74c71a2f570172d644fa66ac8bae02a4e3d045464,docs/art-source/one-frame-method-fullrun-20260724/ferret-sable-panda-set00-oneframe-62/alpha/frame-15-attempt-02-alpha.png,e46fa9c66c202456663e29efe8a1f2f8f7104171ccfe9fff01f95363544db00e,docs/art-source/one-frame-method-fullrun-20260724/ferret-sable-panda-set00-oneframe-62/frames/frame-15.png,e46fa9c66c202456663e29efe8a1f2f8f7104171ccfe9fff01f95363544db00e,docs/art-source/ferret-sable-panda/motion-source/accepted-frames/set00/frame-15.png,e46fa9c66c202456663e29efe8a1f2f8f7104171ccfe9fff01f95363544db00e,true,docs/art-source/one-frame-method-fullrun-20260724/ferret-sable-panda-set00-oneframe-62/qa/frame-15-attempt-02-prepare.json,docs/art-source/ferret-sable-panda/motion-source/qa/parent-verdict-set00.md,15,candidate_parent_gate,candidate_parent_gate,docs/art-source/one-frame-method-fullrun-20260724/ferret-sable-panda-set00-oneframe-62/manifest.csv,1,docs/art-source/one-frame-method-fullrun-20260724/ferret-sable-panda-set00-oneframe-62/qa/final-53-61/final-62/canonical-00-61-verification.json,unique archived alpha SHA-256 equals accepted frame; parent-approved final canonical set
16,scurry,02,docs/art-source/one-frame-method-fullrun-20260724/ferret-sable-panda-set00-oneframe-62,E:/Development/AnimalDesktop-asset-archives/20260724-ferret-three-variants/ferret-sable-panda-set00-oneframe-62,docs/art-source/one-frame-method-fullrun-20260724/ferret-sable-panda-set00-oneframe-62/prompts/frame-16-attempt-02.txt,17d6feb74e067f533533dd050ca79404c5c59e387c28300265f8c3c1aaf2337e,C:/Users/User/.codex/generated_images/019f90f3-d60e-7912-bf25-1266d016ed57/call_V3oM52KR5UxD5Hfhz98hRqGf.png,857de32968b448723bc39da69f2934dfcc6e2b888976e5ba692f77f4c834340a,docs/art-source/one-frame-method-fullrun-20260724/ferret-sable-panda-set00-oneframe-62/raw/frame-16-attempt-02-raw.png,857de32968b448723bc39da69f2934dfcc6e2b888976e5ba692f77f4c834340a,docs/art-source/one-frame-method-fullrun-20260724/ferret-sable-panda-set00-oneframe-62/alpha/frame-16-attempt-02-alpha.png,d2d96f448522cabf3ccd800bd6855c2f96dfb267a62111e6c7d3f910d4fbf020,docs/art-source/one-frame-method-fullrun-20260724/ferret-sable-panda-set00-oneframe-62/frames/frame-16.png,d2d96f448522cabf3ccd800bd6855c2f96dfb267a62111e6c7d3f910d4fbf020,docs/art-source/ferret-sable-panda/motion-source/accepted-frames/set00/frame-16.png,d2d96f448522cabf3ccd800bd6855c2f96dfb267a62111e6c7d3f910d4fbf020,true,docs/art-source/one-frame-method-fullrun-20260724/ferret-sable-panda-set00-oneframe-62/qa/frame-16-attempt-02-prepare.json,docs/art-source/ferret-sable-panda/motion-source/qa/parent-verdict-set00.md,16,candidate_parent_gate,candidate_parent_gate,docs/art-source/one-frame-method-fullrun-20260724/ferret-sable-panda-set00-oneframe-62/manifest.csv,1,docs/art-source/one-frame-method-fullrun-20260724/ferret-sable-panda-set00-oneframe-62/qa/final-53-61/final-62/canonical-00-61-verification.json,unique archived alpha SHA-256 equals accepted frame; parent-approved final canonical set
17,scurry,01,docs/art-source/one-frame-method-fullrun-20260724/ferret-sable-panda-set00-oneframe-62,E:/Development/AnimalDesktop-asset-archives/20260724-ferret-three-variants/ferret-sable-panda-set00-oneframe-62,docs/art-source/one-frame-method-fullrun-20260724/ferret-sable-panda-set00-oneframe-62/prompts/frame-17-attempt-01.txt,3468218e82892586b2d40062f5504e878e61cd20fabd08b6b8ad9507e47e5e67,C:/Users/User/.codex/generated_images/019f90f3-d60e-7912-bf25-1266d016ed57/call_Gcd4B2wTFF69M9sNfsBIoUVT.png,c97fd0dfa472edd608ec50fbbc8107bf98a7be31a777565a42892650d0ec5437,docs/art-source/one-frame-method-fullrun-20260724/ferret-sable-panda-set00-oneframe-62/raw/frame-17-attempt-01-raw.png,c97fd0dfa472edd608ec50fbbc8107bf98a7be31a777565a42892650d0ec5437,docs/art-source/one-frame-method-fullrun-20260724/ferret-sable-panda-set00-oneframe-62/alpha/frame-17-attempt-01-alpha.png,0299084c0fc6353f82bc15a5ce6a9d2a7f071d6e62701e360efb85e33b692148,docs/art-source/one-frame-method-fullrun-20260724/ferret-sable-panda-set00-oneframe-62/frames/frame-17.png,0299084c0fc6353f82bc15a5ce6a9d2a7f071d6e62701e360efb85e33b692148,docs/art-source/ferret-sable-panda/motion-source/accepted-frames/set00/frame-17.png,0299084c0fc6353f82bc15a5ce6a9d2a7f071d6e62701e360efb85e33b692148,true,docs/art-source/one-frame-method-fullrun-20260724/ferret-sable-panda-set00-oneframe-62/qa/frame-17-attempt-01-prepare.json,docs/art-source/ferret-sable-panda/motion-source/qa/parent-verdict-set00.md,17,candidate_parent_gate,candidate_parent_gate,docs/art-source/one-frame-method-fullrun-20260724/ferret-sable-panda-set00-oneframe-62/manifest.csv,1,docs/art-source/one-frame-method-fullrun-20260724/ferret-sable-panda-set00-oneframe-62/qa/final-53-61/final-62/canonical-00-61-verification.json,unique archived alpha SHA-256 equals accepted frame; parent-approved final canonical set
18,scurry,01,docs/art-source/one-frame-method-fullrun-20260724/ferret-sable-panda-set00-oneframe-62,E:/Development/AnimalDesktop-asset-archives/20260724-ferret-three-variants/ferret-sable-panda-set00-oneframe-62,docs/art-source/one-frame-method-fullrun-20260724/ferret-sable-panda-set00-oneframe-62/prompts/frame-18-attempt-01.txt,c1d5e57d36430fdecef904f94652cff6ce8d61c7baafedca9bb85126540334f4,C:/Users/User/.codex/generated_images/019f90f3-d60e-7912-bf25-1266d016ed57/call_6ESiWlvawHmye27c9xfbUOoN.png,2df09f6d28ea32229e77a12c44a09413f2773a9f2262caff0c24f2286b1d6df1,docs/art-source/one-frame-method-fullrun-20260724/ferret-sable-panda-set00-oneframe-62/raw/frame-18-attempt-01-raw.png,2df09f6d28ea32229e77a12c44a09413f2773a9f2262caff0c24f2286b1d6df1,docs/art-source/one-frame-method-fullrun-20260724/ferret-sable-panda-set00-oneframe-62/alpha/frame-18-attempt-01-alpha.png,5a2dd6d61212389d5845fc1466bd97fa5cfa2bcdef16798406d7b3df9d4d9aea,docs/art-source/one-frame-method-fullrun-20260724/ferret-sable-panda-set00-oneframe-62/frames/frame-18.png,5a2dd6d61212389d5845fc1466bd97fa5cfa2bcdef16798406d7b3df9d4d9aea,docs/art-source/ferret-sable-panda/motion-source/accepted-frames/set00/frame-18.png,5a2dd6d61212389d5845fc1466bd97fa5cfa2bcdef16798406d7b3df9d4d9aea,true,docs/art-source/one-frame-method-fullrun-20260724/ferret-sable-panda-set00-oneframe-62/qa/frame-18-attempt-01-prepare.json,docs/art-source/ferret-sable-panda/motion-source/qa/parent-verdict-set00.md,18,candidate_parent_gate,candidate_parent_gate,docs/art-source/one-frame-method-fullrun-20260724/ferret-sable-panda-set00-oneframe-62/manifest.csv,1,docs/art-source/one-frame-method-fullrun-20260724/ferret-sable-panda-set00-oneframe-62/qa/final-53-61/final-62/canonical-00-61-verification.json,unique archived alpha SHA-256 equals accepted frame; parent-approved final canonical set
19,scurry,02,docs/art-source/one-frame-method-fullrun-20260724/ferret-sable-panda-set00-oneframe-62,E:/Development/AnimalDesktop-asset-archives/20260724-ferret-three-variants/ferret-sable-panda-set00-oneframe-62,docs/art-source/one-frame-method-fullrun-20260724/ferret-sable-panda-set00-oneframe-62/prompts/frame-19-attempt-02.txt,90ae3bab4d7d68fa615406d043174a819060233e8a2a4219214cb7121ddf8f20,C:/Users/User/.codex/generated_images/019f90f3-d60e-7912-bf25-1266d016ed57/call_Di7Z6oMcVlD0sbLhm1JUSABC.png,31e2218a76cfe6db732759c65d0d5d06409f90250107309afe48f61404355e4b,docs/art-source/one-frame-method-fullrun-20260724/ferret-sable-panda-set00-oneframe-62/raw/frame-19-attempt-02-raw.png,31e2218a76cfe6db732759c65d0d5d06409f90250107309afe48f61404355e4b,docs/art-source/one-frame-method-fullrun-20260724/ferret-sable-panda-set00-oneframe-62/alpha/frame-19-attempt-02-alpha.png,d45643104bad921138fecd1a947d5303df08df61d1a280af48bf27e9c27cd80c,docs/art-source/one-frame-method-fullrun-20260724/ferret-sable-panda-set00-oneframe-62/frames/frame-19.png,d45643104bad921138fecd1a947d5303df08df61d1a280af48bf27e9c27cd80c,docs/art-source/ferret-sable-panda/motion-source/accepted-frames/set00/frame-19.png,d45643104bad921138fecd1a947d5303df08df61d1a280af48bf27e9c27cd80c,true,docs/art-source/one-frame-method-fullrun-20260724/ferret-sable-panda-set00-oneframe-62/qa/frame-19-attempt-02-prepare.json,docs/art-source/ferret-sable-panda/motion-source/qa/parent-verdict-set00.md,19,candidate_parent_gate,candidate_parent_gate,docs/art-source/one-frame-method-fullrun-20260724/ferret-sable-panda-set00-oneframe-62/manifest.csv,1,docs/art-source/one-frame-method-fullrun-20260724/ferret-sable-panda-set00-oneframe-62/qa/final-53-61/final-62/canonical-00-61-verification.json,unique archived alpha SHA-256 equals accepted frame; parent-approved final canonical set
20,sniff,04,docs/art-source/one-frame-method-fullrun-20260724/ferret-sable-panda-set00-oneframe-62,E:/Development/AnimalDesktop-asset-archives/20260724-ferret-three-variants/ferret-sable-panda-set00-oneframe-62,docs/art-source/one-frame-method-fullrun-20260724/ferret-sable-panda-set00-oneframe-62/prompts/frame-20-attempt-04.txt,dd30996dabbb142511b96e407f5b9a9d60b6194517231df4ce813d3edd922df9,C:/Users/User/.codex/generated_images/019f90f3-d60e-7912-bf25-1266d016ed57/call_XqkBgZXULxjuISQ3vfcJX5lO.png,eafb4dde744b11bbd6b80a8940d88b951a433b8f172f2b6373bd1b6363f4b964,docs/art-source/one-frame-method-fullrun-20260724/ferret-sable-panda-set00-oneframe-62/raw/frame-20-attempt-04-raw.png,eafb4dde744b11bbd6b80a8940d88b951a433b8f172f2b6373bd1b6363f4b964,docs/art-source/one-frame-method-fullrun-20260724/ferret-sable-panda-set00-oneframe-62/alpha/frame-20-attempt-04-alpha.png,80ec3c33bb4815e9ad0276802dc1c072a15a81eec3131d94cfc278a9641f95f3,docs/art-source/one-frame-method-fullrun-20260724/ferret-sable-panda-set00-oneframe-62/frames/frame-20.png,80ec3c33bb4815e9ad0276802dc1c072a15a81eec3131d94cfc278a9641f95f3,docs/art-source/ferret-sable-panda/motion-source/accepted-frames/set00/frame-20.png,80ec3c33bb4815e9ad0276802dc1c072a15a81eec3131d94cfc278a9641f95f3,true,docs/art-source/one-frame-method-fullrun-20260724/ferret-sable-panda-set00-oneframe-62/qa/frame-20-attempt-04-prepare.json,docs/art-source/ferret-sable-panda/motion-source/qa/parent-verdict-set00.md,20,candidate_parent_gate,candidate_parent_gate,docs/art-source/one-frame-method-fullrun-20260724/ferret-sable-panda-set00-oneframe-62/manifest.csv,1,docs/art-source/one-frame-method-fullrun-20260724/ferret-sable-panda-set00-oneframe-62/qa/final-53-61/final-62/canonical-00-61-verification.json,unique archived alpha SHA-256 equals accepted frame; parent-approved final canonical set
21,sniff,04,docs/art-source/one-frame-method-fullrun-20260724/ferret-sable-panda-set00-oneframe-62,E:/Development/AnimalDesktop-asset-archives/20260724-ferret-three-variants/ferret-sable-panda-set00-oneframe-62,docs/art-source/one-frame-method-fullrun-20260724/ferret-sable-panda-set00-oneframe-62/prompts/frame-21-attempt-04.txt,a374453b3dac43bf193c85e3244a8516cc4329bffddf45bcecbbd60b1a91e682,C:/Users/User/.codex/generated_images/019f90f3-d60e-7912-bf25-1266d016ed57/call_i7ZPgEx37qUXsvWLT15Nf0fk.png,204008d3bc2b1e778cb86f509d69f47856f6d48c4fa050e0d2d6bdc54ac35869,docs/art-source/one-frame-method-fullrun-20260724/ferret-sable-panda-set00-oneframe-62/raw/frame-21-attempt-04-raw.png,204008d3bc2b1e778cb86f509d69f47856f6d48c4fa050e0d2d6bdc54ac35869,docs/art-source/one-frame-method-fullrun-20260724/ferret-sable-panda-set00-oneframe-62/alpha/frame-21-attempt-04-alpha.png,4e64e45b6b1925d983e778e25c1d348246e7fd698b837c29e0421c62d5f46c26,docs/art-source/one-frame-method-fullrun-20260724/ferret-sable-panda-set00-oneframe-62/frames/frame-21.png,4e64e45b6b1925d983e778e25c1d348246e7fd698b837c29e0421c62d5f46c26,docs/art-source/ferret-sable-panda/motion-source/accepted-frames/set00/frame-21.png,4e64e45b6b1925d983e778e25c1d348246e7fd698b837c29e0421c62d5f46c26,true,docs/art-source/one-frame-method-fullrun-20260724/ferret-sable-panda-set00-oneframe-62/qa/frame-21-attempt-04-prepare.json,docs/art-source/ferret-sable-panda/motion-source/qa/parent-verdict-set00.md,21,candidate_parent_gate,candidate_parent_gate,docs/art-source/one-frame-method-fullrun-20260724/ferret-sable-panda-set00-oneframe-62/manifest.csv,1,docs/art-source/one-frame-method-fullrun-20260724/ferret-sable-panda-set00-oneframe-62/qa/final-53-61/final-62/canonical-00-61-verification.json,unique archived alpha SHA-256 equals accepted frame; parent-approved final canonical set
22,sniff,01,docs/art-source/one-frame-method-fullrun-20260724/ferret-sable-panda-set00-oneframe-62,E:/Development/AnimalDesktop-asset-archives/20260724-ferret-three-variants/ferret-sable-panda-set00-oneframe-62,docs/art-source/one-frame-method-fullrun-20260724/ferret-sable-panda-set00-oneframe-62/prompts/frame-22-attempt-01.txt,a24d9984cc943c97ee011dfdcb3507f2508981e38f2fb2ebca7fbb46a7dd0888,C:/Users/User/.codex/generated_images/019f90f3-d60e-7912-bf25-1266d016ed57/call_6w2NdgkMQFC0gwKLp4eE5P45.png,96dc84ae41d0607c26e744b561732abcb546aaefebd384bf066f122baffdf0f1,docs/art-source/one-frame-method-fullrun-20260724/ferret-sable-panda-set00-oneframe-62/raw/frame-22-attempt-01-raw.png,96dc84ae41d0607c26e744b561732abcb546aaefebd384bf066f122baffdf0f1,docs/art-source/one-frame-method-fullrun-20260724/ferret-sable-panda-set00-oneframe-62/alpha/frame-22-attempt-01-alpha.png,7685e8feb08e0dbc72ec4eb83b1d3f4ab0b725e777de389fd89017a2844d6cf8,docs/art-source/one-frame-method-fullrun-20260724/ferret-sable-panda-set00-oneframe-62/frames/frame-22.png,7685e8feb08e0dbc72ec4eb83b1d3f4ab0b725e777de389fd89017a2844d6cf8,docs/art-source/ferret-sable-panda/motion-source/accepted-frames/set00/frame-22.png,7685e8feb08e0dbc72ec4eb83b1d3f4ab0b725e777de389fd89017a2844d6cf8,true,docs/art-source/one-frame-method-fullrun-20260724/ferret-sable-panda-set00-oneframe-62/qa/frame-22-attempt-01-prepare.json,docs/art-source/ferret-sable-panda/motion-source/qa/parent-verdict-set00.md,22,candidate_parent_gate,candidate_parent_gate,docs/art-source/one-frame-method-fullrun-20260724/ferret-sable-panda-set00-oneframe-62/manifest.csv,1,docs/art-source/one-frame-method-fullrun-20260724/ferret-sable-panda-set00-oneframe-62/qa/final-53-61/final-62/canonical-00-61-verification.json,unique archived alpha SHA-256 equals accepted frame; parent-approved final canonical set
23,sniff,01,docs/art-source/one-frame-method-fullrun-20260724/ferret-sable-panda-set00-oneframe-62,E:/Development/AnimalDesktop-asset-archives/20260724-ferret-three-variants/ferret-sable-panda-set00-oneframe-62,docs/art-source/one-frame-method-fullrun-20260724/ferret-sable-panda-set00-oneframe-62/prompts/frame-23-attempt-01.txt,c3063751d7c7caf3066ac365b65858a5723c8fd66973130d33195ad296ba2a81,C:/Users/User/.codex/generated_images/019f90f3-d60e-7912-bf25-1266d016ed57/call_NPPiHt01NQdee0M1RuoOHUnZ.png,e36d509784e53aacdd182c3ab3d4c17b5e81faea44ce883ac6c39dbbf882fd0c,docs/art-source/one-frame-method-fullrun-20260724/ferret-sable-panda-set00-oneframe-62/raw/frame-23-attempt-01-raw.png,e36d509784e53aacdd182c3ab3d4c17b5e81faea44ce883ac6c39dbbf882fd0c,docs/art-source/one-frame-method-fullrun-20260724/ferret-sable-panda-set00-oneframe-62/alpha/frame-23-attempt-01-alpha.png,85f47563efe8297a435ec3894b34c6164f792ada749bbdf9ad8e9bc06e25a883,docs/art-source/one-frame-method-fullrun-20260724/ferret-sable-panda-set00-oneframe-62/frames/frame-23.png,85f47563efe8297a435ec3894b34c6164f792ada749bbdf9ad8e9bc06e25a883,docs/art-source/ferret-sable-panda/motion-source/accepted-frames/set00/frame-23.png,85f47563efe8297a435ec3894b34c6164f792ada749bbdf9ad8e9bc06e25a883,true,docs/art-source/one-frame-method-fullrun-20260724/ferret-sable-panda-set00-oneframe-62/qa/frame-23-attempt-01-prepare.json,docs/art-source/ferret-sable-panda/motion-source/qa/parent-verdict-set00.md,23,candidate_parent_gate,candidate_parent_gate,docs/art-source/one-frame-method-fullrun-20260724/ferret-sable-panda-set00-oneframe-62/manifest.csv,1,docs/art-source/one-frame-method-fullrun-20260724/ferret-sable-panda-set00-oneframe-62/qa/final-53-61/final-62/canonical-00-61-verification.json,unique archived alpha SHA-256 equals accepted frame; parent-approved final canonical set
24,sniff,01,docs/art-source/one-frame-method-fullrun-20260724/ferret-sable-panda-set00-oneframe-62,E:/Development/AnimalDesktop-asset-archives/20260724-ferret-three-variants/ferret-sable-panda-set00-oneframe-62,docs/art-source/one-frame-method-fullrun-20260724/ferret-sable-panda-set00-oneframe-62/prompts/frame-24-attempt-01.txt,e0e100adadd6c8b76b94e67a7f22bd64711a2f61a6990163470580a34c9965db,C:/Users/User/.codex/generated_images/019f90f3-d60e-7912-bf25-1266d016ed57/call_lsg6E6O3ZFm1syYhgNCK0fXy.png,7b3e47bca946d3b48db81558d4e2a007d4db45fe799a4e79035b192e3bebc903,docs/art-source/one-frame-method-fullrun-20260724/ferret-sable-panda-set00-oneframe-62/raw/frame-24-attempt-01-raw.png,7b3e47bca946d3b48db81558d4e2a007d4db45fe799a4e79035b192e3bebc903,docs/art-source/one-frame-method-fullrun-20260724/ferret-sable-panda-set00-oneframe-62/alpha/frame-24-attempt-01-alpha.png,cf6161156aabc42e8f52496b19bd5982c9f20be92f1f90537cc7b5b3b588c019,docs/art-source/one-frame-method-fullrun-20260724/ferret-sable-panda-set00-oneframe-62/frames/frame-24.png,cf6161156aabc42e8f52496b19bd5982c9f20be92f1f90537cc7b5b3b588c019,docs/art-source/ferret-sable-panda/motion-source/accepted-frames/set00/frame-24.png,cf6161156aabc42e8f52496b19bd5982c9f20be92f1f90537cc7b5b3b588c019,true,docs/art-source/one-frame-method-fullrun-20260724/ferret-sable-panda-set00-oneframe-62/qa/frame-24-attempt-01-prepare.json,docs/art-source/ferret-sable-panda/motion-source/qa/parent-verdict-set00.md,24,candidate_parent_gate,candidate_parent_gate,docs/art-source/one-frame-method-fullrun-20260724/ferret-sable-panda-set00-oneframe-62/manifest.csv,1,docs/art-source/one-frame-method-fullrun-20260724/ferret-sable-panda-set00-oneframe-62/qa/final-53-61/final-62/canonical-00-61-verification.json,unique archived alpha SHA-256 equals accepted frame; parent-approved final canonical set
25,sniff,01,docs/art-source/one-frame-method-fullrun-20260724/ferret-sable-panda-set00-oneframe-62,E:/Development/AnimalDesktop-asset-archives/20260724-ferret-three-variants/ferret-sable-panda-set00-oneframe-62,docs/art-source/one-frame-method-fullrun-20260724/ferret-sable-panda-set00-oneframe-62/prompts/frame-25-attempt-01.txt,65cabf24acf673bb01af7d30d7e7acdd4e866e3799b529d428041d5b72b6ac17,C:/Users/User/.codex/generated_images/019f90f3-d60e-7912-bf25-1266d016ed57/call_zt20Bfbfr2rN3HrE1myHxxXs.png,2ff5772a4993b6f52cdb8b7276773909776d10b64a7ba7d271bf566131b116b0,docs/art-source/one-frame-method-fullrun-20260724/ferret-sable-panda-set00-oneframe-62/raw/frame-25-attempt-01-raw.png,2ff5772a4993b6f52cdb8b7276773909776d10b64a7ba7d271bf566131b116b0,docs/art-source/one-frame-method-fullrun-20260724/ferret-sable-panda-set00-oneframe-62/alpha/frame-25-attempt-01-alpha.png,f26c582d8928d823fd3458886f09a9eeb85f60225fa5360edeb56c1507a74d79,docs/art-source/one-frame-method-fullrun-20260724/ferret-sable-panda-set00-oneframe-62/frames/frame-25.png,f26c582d8928d823fd3458886f09a9eeb85f60225fa5360edeb56c1507a74d79,docs/art-source/ferret-sable-panda/motion-source/accepted-frames/set00/frame-25.png,f26c582d8928d823fd3458886f09a9eeb85f60225fa5360edeb56c1507a74d79,true,docs/art-source/one-frame-method-fullrun-20260724/ferret-sable-panda-set00-oneframe-62/qa/frame-25-attempt-01-prepare.json,docs/art-source/ferret-sable-panda/motion-source/qa/parent-verdict-set00.md,25,candidate_parent_gate,candidate_parent_gate,docs/art-source/one-frame-method-fullrun-20260724/ferret-sable-panda-set00-oneframe-62/manifest.csv,1,docs/art-source/one-frame-method-fullrun-20260724/ferret-sable-panda-set00-oneframe-62/qa/final-53-61/final-62/canonical-00-61-verification.json,unique archived alpha SHA-256 equals accepted frame; parent-approved final canonical set
26,groom,02,docs/art-source/one-frame-method-fullrun-20260724/ferret-sable-panda-set00-oneframe-62,E:/Development/AnimalDesktop-asset-archives/20260724-ferret-three-variants/ferret-sable-panda-set00-oneframe-62,docs/art-source/one-frame-method-fullrun-20260724/ferret-sable-panda-set00-oneframe-62/prompts/frame-26-attempt-02.txt,ebcf62ecc3e1c1d064bab39a8a2339002727203cd962f759671054c99487c550,C:/Users/User/.codex/generated_images/019f90f3-d60e-7912-bf25-1266d016ed57/call_86UuOH5L9eEGAtFiEuHqD3Nz.png,6ec96428a980cdb311e06b0cb36424ce4bb0aa854946168a2095e87904cb0e13,docs/art-source/one-frame-method-fullrun-20260724/ferret-sable-panda-set00-oneframe-62/raw/frame-26-attempt-02-raw.png,6ec96428a980cdb311e06b0cb36424ce4bb0aa854946168a2095e87904cb0e13,docs/art-source/one-frame-method-fullrun-20260724/ferret-sable-panda-set00-oneframe-62/alpha/frame-26-attempt-02-alpha.png,1bf9d5a380aeb48f6bddd63499a2bbeaf8298de2a6a1cbf06e18a6b35d256fe6,docs/art-source/one-frame-method-fullrun-20260724/ferret-sable-panda-set00-oneframe-62/frames/frame-26.png,1bf9d5a380aeb48f6bddd63499a2bbeaf8298de2a6a1cbf06e18a6b35d256fe6,docs/art-source/ferret-sable-panda/motion-source/accepted-frames/set00/frame-26.png,1bf9d5a380aeb48f6bddd63499a2bbeaf8298de2a6a1cbf06e18a6b35d256fe6,true,docs/art-source/one-frame-method-fullrun-20260724/ferret-sable-panda-set00-oneframe-62/qa/frame-26-attempt-02-prepare.json,docs/art-source/ferret-sable-panda/motion-source/qa/parent-verdict-set00.md,26,candidate_parent_gate,candidate_parent_gate,docs/art-source/one-frame-method-fullrun-20260724/ferret-sable-panda-set00-oneframe-62/manifest.csv,1,docs/art-source/one-frame-method-fullrun-20260724/ferret-sable-panda-set00-oneframe-62/qa/final-53-61/final-62/canonical-00-61-verification.json,unique archived alpha SHA-256 equals accepted frame; parent-approved final canonical set
27,groom,01,docs/art-source/one-frame-method-fullrun-20260724/ferret-sable-panda-set00-oneframe-62,E:/Development/AnimalDesktop-asset-archives/20260724-ferret-three-variants/ferret-sable-panda-set00-oneframe-62,docs/art-source/one-frame-method-fullrun-20260724/ferret-sable-panda-set00-oneframe-62/prompts/frame-27-attempt-01.txt,ffcb91de1eca8e6e3b7c18044843aec54d3f28db1d0361efd5c94017d2105f67,C:/Users/User/.codex/generated_images/019f90f3-d60e-7912-bf25-1266d016ed57/call_s3dExl90eW9UeDDTzMW6QbvB.png,cd16a14253466ddcb7d7c7f3f0fc9672c733667e9a4921100f85f97793f8ae50,docs/art-source/one-frame-method-fullrun-20260724/ferret-sable-panda-set00-oneframe-62/raw/frame-27-attempt-01-raw.png,cd16a14253466ddcb7d7c7f3f0fc9672c733667e9a4921100f85f97793f8ae50,docs/art-source/one-frame-method-fullrun-20260724/ferret-sable-panda-set00-oneframe-62/alpha/frame-27-attempt-01-alpha.png,e1a2c16da53ae7466e3b98c93af4d8e2439977ff60d3c966895aa9fac619dad4,docs/art-source/one-frame-method-fullrun-20260724/ferret-sable-panda-set00-oneframe-62/frames/frame-27.png,e1a2c16da53ae7466e3b98c93af4d8e2439977ff60d3c966895aa9fac619dad4,docs/art-source/ferret-sable-panda/motion-source/accepted-frames/set00/frame-27.png,e1a2c16da53ae7466e3b98c93af4d8e2439977ff60d3c966895aa9fac619dad4,true,docs/art-source/one-frame-method-fullrun-20260724/ferret-sable-panda-set00-oneframe-62/qa/frame-27-attempt-01-prepare.json,docs/art-source/ferret-sable-panda/motion-source/qa/parent-verdict-set00.md,27,candidate_parent_gate,candidate_parent_gate,docs/art-source/one-frame-method-fullrun-20260724/ferret-sable-panda-set00-oneframe-62/manifest.csv,1,docs/art-source/one-frame-method-fullrun-20260724/ferret-sable-panda-set00-oneframe-62/qa/final-53-61/final-62/canonical-00-61-verification.json,unique archived alpha SHA-256 equals accepted frame; parent-approved final canonical set
28,groom,01,docs/art-source/one-frame-method-fullrun-20260724/ferret-sable-panda-set00-oneframe-62,E:/Development/AnimalDesktop-asset-archives/20260724-ferret-three-variants/ferret-sable-panda-set00-oneframe-62,docs/art-source/one-frame-method-fullrun-20260724/ferret-sable-panda-set00-oneframe-62/prompts/frame-28-attempt-01.txt,1a154832487b164ac97440fbd2bf62ca7510077c116475628d83018030c21506,C:/Users/User/.codex/generated_images/019f90f3-d60e-7912-bf25-1266d016ed57/call_YKnt2NFRvI2uoLE9KYcDfd6C.png,e05db799984e13ce167cff8aaff8fc92cbc2553545eb2295e2332761f7ae9b77,docs/art-source/one-frame-method-fullrun-20260724/ferret-sable-panda-set00-oneframe-62/raw/frame-28-attempt-01-raw.png,e05db799984e13ce167cff8aaff8fc92cbc2553545eb2295e2332761f7ae9b77,docs/art-source/one-frame-method-fullrun-20260724/ferret-sable-panda-set00-oneframe-62/alpha/frame-28-attempt-01-alpha.png,456075884c72985439450f17e4ff29fbe8ccca3b0ec5acfa0df2c7ae2e2ab37a,docs/art-source/one-frame-method-fullrun-20260724/ferret-sable-panda-set00-oneframe-62/frames/frame-28.png,456075884c72985439450f17e4ff29fbe8ccca3b0ec5acfa0df2c7ae2e2ab37a,docs/art-source/ferret-sable-panda/motion-source/accepted-frames/set00/frame-28.png,456075884c72985439450f17e4ff29fbe8ccca3b0ec5acfa0df2c7ae2e2ab37a,true,docs/art-source/one-frame-method-fullrun-20260724/ferret-sable-panda-set00-oneframe-62/qa/frame-28-attempt-01-prepare.json,docs/art-source/ferret-sable-panda/motion-source/qa/parent-verdict-set00.md,28,candidate_parent_gate,candidate_parent_gate,docs/art-source/one-frame-method-fullrun-20260724/ferret-sable-panda-set00-oneframe-62/manifest.csv,1,docs/art-source/one-frame-method-fullrun-20260724/ferret-sable-panda-set00-oneframe-62/qa/final-53-61/final-62/canonical-00-61-verification.json,unique archived alpha SHA-256 equals accepted frame; parent-approved final canonical set
29,groom,01,docs/art-source/one-frame-method-fullrun-20260724/ferret-sable-panda-set00-oneframe-62,E:/Development/AnimalDesktop-asset-archives/20260724-ferret-three-variants/ferret-sable-panda-set00-oneframe-62,docs/art-source/one-frame-method-fullrun-20260724/ferret-sable-panda-set00-oneframe-62/prompts/frame-29-attempt-01.txt,abcc3f99c609bc3db71965ccd1594d6d1a3f9d4556da9b4d94f335592797b1ba,C:/Users/User/.codex/generated_images/019f90f3-d60e-7912-bf25-1266d016ed57/call_bzWD50jXh3tiuKPq6GvK21ol.png,b5330b089d41e1f3f433e86e865b5cd6c8bc13bf00e25f413bbda2e507ab0e44,docs/art-source/one-frame-method-fullrun-20260724/ferret-sable-panda-set00-oneframe-62/raw/frame-29-attempt-01-raw.png,b5330b089d41e1f3f433e86e865b5cd6c8bc13bf00e25f413bbda2e507ab0e44,docs/art-source/one-frame-method-fullrun-20260724/ferret-sable-panda-set00-oneframe-62/alpha/frame-29-attempt-01-alpha.png,bc473b2756ed1d1929adf5ecdafecd5e174c9d0b209aee9e4647862c98e68bc3,docs/art-source/one-frame-method-fullrun-20260724/ferret-sable-panda-set00-oneframe-62/frames/frame-29.png,bc473b2756ed1d1929adf5ecdafecd5e174c9d0b209aee9e4647862c98e68bc3,docs/art-source/ferret-sable-panda/motion-source/accepted-frames/set00/frame-29.png,bc473b2756ed1d1929adf5ecdafecd5e174c9d0b209aee9e4647862c98e68bc3,true,docs/art-source/one-frame-method-fullrun-20260724/ferret-sable-panda-set00-oneframe-62/qa/frame-29-attempt-01-prepare.json,docs/art-source/ferret-sable-panda/motion-source/qa/parent-verdict-set00.md,29,candidate_parent_gate,candidate_parent_gate,docs/art-source/one-frame-method-fullrun-20260724/ferret-sable-panda-set00-oneframe-62/manifest.csv,1,docs/art-source/one-frame-method-fullrun-20260724/ferret-sable-panda-set00-oneframe-62/qa/final-53-61/final-62/canonical-00-61-verification.json,unique archived alpha SHA-256 equals accepted frame; parent-approved final canonical set
30,groom,01,docs/art-source/one-frame-method-fullrun-20260724/ferret-sable-panda-set00-oneframe-62,E:/Development/AnimalDesktop-asset-archives/20260724-ferret-three-variants/ferret-sable-panda-set00-oneframe-62,docs/art-source/one-frame-method-fullrun-20260724/ferret-sable-panda-set00-oneframe-62/prompts/frame-30-attempt-01.txt,6c463370e7466f87d37fb54329e0707eeb6e145429df3f87b6c96158b71b7ef9,C:/Users/User/.codex/generated_images/019f90f3-d60e-7912-bf25-1266d016ed57/call_0UGOepYTMpTTJti4etVodlfC.png,06fc3b9c0510bf44f46d899aa119b28bb4bf14aff743f02dbd0da875c70dbc65,docs/art-source/one-frame-method-fullrun-20260724/ferret-sable-panda-set00-oneframe-62/raw/frame-30-attempt-01-raw.png,06fc3b9c0510bf44f46d899aa119b28bb4bf14aff743f02dbd0da875c70dbc65,docs/art-source/one-frame-method-fullrun-20260724/ferret-sable-panda-set00-oneframe-62/alpha/frame-30-attempt-01-alpha.png,08173195d0fe8609301bd6991c2661b79f018fecb4df0399eac9c64b910a8d9d,docs/art-source/one-frame-method-fullrun-20260724/ferret-sable-panda-set00-oneframe-62/frames/frame-30.png,08173195d0fe8609301bd6991c2661b79f018fecb4df0399eac9c64b910a8d9d,docs/art-source/ferret-sable-panda/motion-source/accepted-frames/set00/frame-30.png,08173195d0fe8609301bd6991c2661b79f018fecb4df0399eac9c64b910a8d9d,true,docs/art-source/one-frame-method-fullrun-20260724/ferret-sable-panda-set00-oneframe-62/qa/frame-30-attempt-01-prepare.json,docs/art-source/ferret-sable-panda/motion-source/qa/parent-verdict-set00.md,30,candidate_parent_gate,candidate_parent_gate,docs/art-source/one-frame-method-fullrun-20260724/ferret-sable-panda-set00-oneframe-62/manifest.csv,1,docs/art-source/one-frame-method-fullrun-20260724/ferret-sable-panda-set00-oneframe-62/qa/final-53-61/final-62/canonical-00-61-verification.json,unique archived alpha SHA-256 equals accepted frame; parent-approved final canonical set
31,groom,01,docs/art-source/one-frame-method-fullrun-20260724/ferret-sable-panda-set00-oneframe-62,E:/Development/AnimalDesktop-asset-archives/20260724-ferret-three-variants/ferret-sable-panda-set00-oneframe-62,docs/art-source/one-frame-method-fullrun-20260724/ferret-sable-panda-set00-oneframe-62/prompts/frame-31-attempt-01.txt,341f7f794ce89219724bcd1fb6be4d63d38e83b4e0855d7730bed1a98d3a038f,C:/Users/User/.codex/generated_images/019f90f3-d60e-7912-bf25-1266d016ed57/call_rN4tOlXnrGaA3TrjOXRd4y8i.png,8a73b5f7fc638e961772e54c6516dcbb9f45afa77b6c4cfe068f0657fd82a2f5,docs/art-source/one-frame-method-fullrun-20260724/ferret-sable-panda-set00-oneframe-62/raw/frame-31-attempt-01-raw.png,8a73b5f7fc638e961772e54c6516dcbb9f45afa77b6c4cfe068f0657fd82a2f5,docs/art-source/one-frame-method-fullrun-20260724/ferret-sable-panda-set00-oneframe-62/alpha/frame-31-attempt-01-alpha.png,8c57c76206cc2c83819fd0c3cd76684bddc728fc9a34c96f4fb7855abf69cc0a,docs/art-source/one-frame-method-fullrun-20260724/ferret-sable-panda-set00-oneframe-62/frames/frame-31.png,8c57c76206cc2c83819fd0c3cd76684bddc728fc9a34c96f4fb7855abf69cc0a,docs/art-source/ferret-sable-panda/motion-source/accepted-frames/set00/frame-31.png,8c57c76206cc2c83819fd0c3cd76684bddc728fc9a34c96f4fb7855abf69cc0a,true,docs/art-source/one-frame-method-fullrun-20260724/ferret-sable-panda-set00-oneframe-62/qa/frame-31-attempt-01-prepare.json,docs/art-source/ferret-sable-panda/motion-source/qa/parent-verdict-set00.md,31,candidate_parent_gate,candidate_parent_gate,docs/art-source/one-frame-method-fullrun-20260724/ferret-sable-panda-set00-oneframe-62/manifest.csv,1,docs/art-source/one-frame-method-fullrun-20260724/ferret-sable-panda-set00-oneframe-62/qa/final-53-61/final-62/canonical-00-61-verification.json,unique archived alpha SHA-256 equals accepted frame; parent-approved final canonical set
32,turn,03,docs/art-source/one-frame-method-fullrun-20260724/ferret-sable-panda-set00-oneframe-62,E:/Development/AnimalDesktop-asset-archives/20260724-ferret-three-variants/ferret-sable-panda-set00-oneframe-62,docs/art-source/one-frame-method-fullrun-20260724/ferret-sable-panda-set00-oneframe-62/prompts/frame-32-attempt-03.txt,29d838b8ce7664abed9663cfc0e24f0e6799bbfb8e378c8abbc4c905835bb92c,C:/Users/User/.codex/generated_images/019f90f3-d60e-7912-bf25-1266d016ed57/call_dUzfsJX2pMufmTKN9YaXisO7.png,68d451cc35e1e9308050ee9f5b99d96a2191d78302cb438cbe33ff16d84aa4ab,docs/art-source/one-frame-method-fullrun-20260724/ferret-sable-panda-set00-oneframe-62/raw/frame-32-attempt-03-raw.png,68d451cc35e1e9308050ee9f5b99d96a2191d78302cb438cbe33ff16d84aa4ab,docs/art-source/one-frame-method-fullrun-20260724/ferret-sable-panda-set00-oneframe-62/alpha/frame-32-attempt-03-alpha.png,1753f8f828e47769db639efe786d169e090f4a84a3eada28b7885e0c2ca51bc8,docs/art-source/one-frame-method-fullrun-20260724/ferret-sable-panda-set00-oneframe-62/frames/frame-32.png,1753f8f828e47769db639efe786d169e090f4a84a3eada28b7885e0c2ca51bc8,docs/art-source/ferret-sable-panda/motion-source/accepted-frames/set00/frame-32.png,1753f8f828e47769db639efe786d169e090f4a84a3eada28b7885e0c2ca51bc8,true,docs/art-source/one-frame-method-fullrun-20260724/ferret-sable-panda-set00-oneframe-62/qa/turn-facing-correction-32-39/frame-32-attempt-03-prepare.json,docs/art-source/ferret-sable-panda/motion-source/qa/parent-verdict-set00.md,32,rejected_official_motion_contract,rejected_official_motion_contract,docs/art-source/one-frame-method-fullrun-20260724/ferret-sable-panda-set00-oneframe-62/manifest.csv,2,docs/art-source/one-frame-method-fullrun-20260724/ferret-sable-panda-set00-oneframe-62/qa/turn-facing-correction-v6-32-39/canonical-post-promotion-v6.json,unique archived alpha SHA-256 equals accepted frame; parent-approved final canonical set
33,turn,03,docs/art-source/one-frame-method-fullrun-20260724/ferret-sable-panda-set00-oneframe-62,E:/Development/AnimalDesktop-asset-archives/20260724-ferret-three-variants/ferret-sable-panda-set00-oneframe-62,docs/art-source/one-frame-method-fullrun-20260724/ferret-sable-panda-set00-oneframe-62/prompts/frame-33-attempt-03.txt,e604f0bc059986f29dc7d093e0c56abc24572e48fe48eebcd16d235c5422b0b6,C:/Users/User/.codex/generated_images/019f90f3-d60e-7912-bf25-1266d016ed57/call_i1Ld37cViLJGIAsTYDyHGdmr.png,7404bafd356c5afac321087f03a6f08f93251c8238c457e11a7da3e3a1533fb8,docs/art-source/one-frame-method-fullrun-20260724/ferret-sable-panda-set00-oneframe-62/raw/frame-33-attempt-03-raw.png,7404bafd356c5afac321087f03a6f08f93251c8238c457e11a7da3e3a1533fb8,docs/art-source/one-frame-method-fullrun-20260724/ferret-sable-panda-set00-oneframe-62/alpha/frame-33-attempt-03-alpha.png,62638522f738a7338e1fabba232121aca08a77c4d9846f1d08d336789e3a0af4,docs/art-source/one-frame-method-fullrun-20260724/ferret-sable-panda-set00-oneframe-62/frames/frame-33.png,62638522f738a7338e1fabba232121aca08a77c4d9846f1d08d336789e3a0af4,docs/art-source/ferret-sable-panda/motion-source/accepted-frames/set00/frame-33.png,62638522f738a7338e1fabba232121aca08a77c4d9846f1d08d336789e3a0af4,true,docs/art-source/one-frame-method-fullrun-20260724/ferret-sable-panda-set00-oneframe-62/qa/turn-facing-correction-v4-32-39/frame-33-attempt-03-prepareframe.json,docs/art-source/ferret-sable-panda/motion-source/qa/parent-verdict-set00.md,33,rejected_sequence_direction,rejected_sequence_direction,docs/art-source/one-frame-method-fullrun-20260724/ferret-sable-panda-set00-oneframe-62/manifest.csv,1,docs/art-source/one-frame-method-fullrun-20260724/ferret-sable-panda-set00-oneframe-62/qa/turn-facing-correction-v6-32-39/canonical-post-promotion-v6.json,unique archived alpha SHA-256 equals accepted frame; parent-approved final canonical set
34,turn,04,docs/art-source/one-frame-method-fullrun-20260724/ferret-sable-panda-set00-oneframe-62,E:/Development/AnimalDesktop-asset-archives/20260724-ferret-three-variants/ferret-sable-panda-set00-oneframe-62,docs/art-source/one-frame-method-fullrun-20260724/ferret-sable-panda-set00-oneframe-62/prompts/frame-34-attempt-04.txt,c434b887cca08e72bfb16b813aff11e34fae3425de790fccf81911cc4a324c3c,C:/Users/User/.codex/generated_images/019f90f3-d60e-7912-bf25-1266d016ed57/call_adAKpJKgZUXOL9neF0de7YJJ.png,0e3a79346952f4b3c397c61b1855c7e6dca469c902cd2746c17be6cea83db7b5,docs/art-source/one-frame-method-fullrun-20260724/ferret-sable-panda-set00-oneframe-62/raw/frame-34-attempt-04-raw.png,0e3a79346952f4b3c397c61b1855c7e6dca469c902cd2746c17be6cea83db7b5,docs/art-source/one-frame-method-fullrun-20260724/ferret-sable-panda-set00-oneframe-62/alpha/frame-34-attempt-04-alpha.png,6f5bd984c89cdceeaa6ac05ce7d52e5939539d599976ea868695cb36a486156b,docs/art-source/one-frame-method-fullrun-20260724/ferret-sable-panda-set00-oneframe-62/frames/frame-34.png,6f5bd984c89cdceeaa6ac05ce7d52e5939539d599976ea868695cb36a486156b,docs/art-source/ferret-sable-panda/motion-source/accepted-frames/set00/frame-34.png,6f5bd984c89cdceeaa6ac05ce7d52e5939539d599976ea868695cb36a486156b,true,docs/art-source/one-frame-method-fullrun-20260724/ferret-sable-panda-set00-oneframe-62/qa/turn-facing-correction-v5-32-39/frame-34-attempt-04-rejection.json,docs/art-source/ferret-sable-panda/motion-source/qa/parent-verdict-set00.md,34,rejected_target_height,rejected_target_height,docs/art-source/one-frame-method-fullrun-20260724/ferret-sable-panda-set00-oneframe-62/manifest.csv,1,docs/art-source/one-frame-method-fullrun-20260724/ferret-sable-panda-set00-oneframe-62/qa/turn-facing-correction-v6-32-39/canonical-post-promotion-v6.json,unique archived alpha SHA-256 equals accepted frame; parent-approved final canonical set
35,turn,05,docs/art-source/one-frame-method-fullrun-20260724/ferret-sable-panda-set00-oneframe-62,E:/Development/AnimalDesktop-asset-archives/20260724-ferret-three-variants/ferret-sable-panda-set00-oneframe-62,docs/art-source/one-frame-method-fullrun-20260724/ferret-sable-panda-set00-oneframe-62/prompts/frame-35-attempt-05.txt,1ead7eba8686c3706003a520695e97ebc27dedaa8ba7402e997c4394114e6b4f,C:/Users/User/.codex/generated_images/019f90f3-d60e-7912-bf25-1266d016ed57/call_4xDIxd7ECiV8zBO7dVOGOuSh.png,8b6e0da958314ee123b319cc1f3d6cb56309295e3765ad9639118c30271afaf8,docs/art-source/one-frame-method-fullrun-20260724/ferret-sable-panda-set00-oneframe-62/raw/frame-35-attempt-05-raw.png,8b6e0da958314ee123b319cc1f3d6cb56309295e3765ad9639118c30271afaf8,docs/art-source/one-frame-method-fullrun-20260724/ferret-sable-panda-set00-oneframe-62/alpha/frame-35-attempt-05-alpha.png,9cd49306d9f4265999ebb077b8f3142d8c5f0fd4a5aa23c32029fd0158052418,docs/art-source/one-frame-method-fullrun-20260724/ferret-sable-panda-set00-oneframe-62/frames/frame-35.png,9cd49306d9f4265999ebb077b8f3142d8c5f0fd4a5aa23c32029fd0158052418,docs/art-source/ferret-sable-panda/motion-source/accepted-frames/set00/frame-35.png,9cd49306d9f4265999ebb077b8f3142d8c5f0fd4a5aa23c32029fd0158052418,true,docs/art-source/one-frame-method-fullrun-20260724/ferret-sable-panda-set00-oneframe-62/qa/turn-facing-correction-32-39/frame-35-attempt-05-prepare.json,docs/art-source/ferret-sable-panda/motion-source/qa/parent-verdict-set00.md,35,correction_candidate_sequence_review,correction_candidate_sequence_review;rejected_official_motion_contract,docs/art-source/one-frame-method-fullrun-20260724/ferret-sable-panda-set00-oneframe-62/manifest.csv,2,docs/art-source/one-frame-method-fullrun-20260724/ferret-sable-panda-set00-oneframe-62/qa/turn-facing-correction-v6-32-39/canonical-post-promotion-v6.json,unique archived alpha SHA-256 equals accepted frame; parent-approved final canonical set
36,turn,02,docs/art-source/one-frame-method-fullrun-20260724/ferret-sable-panda-set00-oneframe-62,E:/Development/AnimalDesktop-asset-archives/20260724-ferret-three-variants/ferret-sable-panda-set00-oneframe-62,docs/art-source/one-frame-method-fullrun-20260724/ferret-sable-panda-set00-oneframe-62/prompts/frame-36-attempt-02.txt,dcc160854726bb2a5f731a1649592d5551873b1cd87f50bff6e06c5881eaf9e7,C:/Users/User/.codex/generated_images/019f90f3-d60e-7912-bf25-1266d016ed57/call_cumsGuDbbyCy3tzaut6RukEv.png,fc1a9d70dc017cece1abda06309f09785191e77044e7826abdd8a6a38ebac9a5,docs/art-source/one-frame-method-fullrun-20260724/ferret-sable-panda-set00-oneframe-62/raw/frame-36-attempt-02-raw.png,fc1a9d70dc017cece1abda06309f09785191e77044e7826abdd8a6a38ebac9a5,docs/art-source/one-frame-method-fullrun-20260724/ferret-sable-panda-set00-oneframe-62/alpha/frame-36-attempt-02-alpha.png,600ad1cbcfe0aef611dff09bb2f79aa425ae0ac3cea4d6127168c4cbafd9fffa,docs/art-source/one-frame-method-fullrun-20260724/ferret-sable-panda-set00-oneframe-62/frames/frame-36.png,600ad1cbcfe0aef611dff09bb2f79aa425ae0ac3cea4d6127168c4cbafd9fffa,docs/art-source/ferret-sable-panda/motion-source/accepted-frames/set00/frame-36.png,600ad1cbcfe0aef611dff09bb2f79aa425ae0ac3cea4d6127168c4cbafd9fffa,true,docs/art-source/one-frame-method-fullrun-20260724/ferret-sable-panda-set00-oneframe-62/qa/turn-facing-correction-32-39/frame-36-attempt-02-prepare.json,docs/art-source/ferret-sable-panda/motion-source/qa/parent-verdict-set00.md,36,correction_candidate_sequence_review,correction_candidate_sequence_review;rejected_sequence_gate,docs/art-source/one-frame-method-fullrun-20260724/ferret-sable-panda-set00-oneframe-62/manifest.csv,2,docs/art-source/one-frame-method-fullrun-20260724/ferret-sable-panda-set00-oneframe-62/qa/turn-facing-correction-v6-32-39/canonical-post-promotion-v6.json,unique archived alpha SHA-256 equals accepted frame; parent-approved final canonical set
37,turn,06,docs/art-source/one-frame-method-fullrun-20260724/ferret-sable-panda-set00-oneframe-62,E:/Development/AnimalDesktop-asset-archives/20260724-ferret-three-variants/ferret-sable-panda-set00-oneframe-62,docs/art-source/one-frame-method-fullrun-20260724/ferret-sable-panda-set00-oneframe-62/prompts/frame-37-attempt-06.txt,a85e6a9e1ce0fb67fc521f9074575d8b6f14f02161989bb3dfd15e96c495ffad,C:/Users/User/.codex/generated_images/019f90f3-d60e-7912-bf25-1266d016ed57/call_7B2QZOIwjiHIKe5KFA4TKWAP.png,fae96a80b19bc6dccb9a9fa6aa899c81f099d098d69fec0fb923c3b58491a85f,docs/art-source/one-frame-method-fullrun-20260724/ferret-sable-panda-set00-oneframe-62/raw/frame-37-attempt-06-raw.png,fae96a80b19bc6dccb9a9fa6aa899c81f099d098d69fec0fb923c3b58491a85f,docs/art-source/one-frame-method-fullrun-20260724/ferret-sable-panda-set00-oneframe-62/alpha/frame-37-attempt-06-alpha.png,701d97517855c4cf92e5c28ae1068b7e75dd376db3701e81eb13b092665e2323,docs/art-source/one-frame-method-fullrun-20260724/ferret-sable-panda-set00-oneframe-62/frames/frame-37.png,701d97517855c4cf92e5c28ae1068b7e75dd376db3701e81eb13b092665e2323,docs/art-source/ferret-sable-panda/motion-source/accepted-frames/set00/frame-37.png,701d97517855c4cf92e5c28ae1068b7e75dd376db3701e81eb13b092665e2323,true,docs/art-source/one-frame-method-fullrun-20260724/ferret-sable-panda-set00-oneframe-62/qa/turn-facing-correction-v6-32-39/frame-37-attempt-06-prepareframe.json,docs/art-source/ferret-sable-panda/motion-source/qa/parent-verdict-set00.md,37,accepted_staging,accepted_staging,docs/art-source/one-frame-method-fullrun-20260724/ferret-sable-panda-set00-oneframe-62/manifest.csv,1,docs/art-source/one-frame-method-fullrun-20260724/ferret-sable-panda-set00-oneframe-62/qa/turn-facing-correction-v6-32-39/canonical-post-promotion-v6.json,unique archived alpha SHA-256 equals accepted frame; parent-approved final canonical set
38,turn,02,docs/art-source/one-frame-method-fullrun-20260724/ferret-sable-panda-set00-oneframe-62,E:/Development/AnimalDesktop-asset-archives/20260724-ferret-three-variants/ferret-sable-panda-set00-oneframe-62,docs/art-source/one-frame-method-fullrun-20260724/ferret-sable-panda-set00-oneframe-62/prompts/frame-38-attempt-02.txt,73e30ace121001b67a3cbc28dc8fc0988ce2bc20a167f6ae5d3e79b387a9305e,C:/Users/User/.codex/generated_images/019f90f3-d60e-7912-bf25-1266d016ed57/call_dwzztHRdIdR6HtQX7MJXDI11.png,1c1194499c236687b77da9a11fcc6a82ee7fa74a2749df6384d447058adfa227,docs/art-source/one-frame-method-fullrun-20260724/ferret-sable-panda-set00-oneframe-62/raw/frame-38-attempt-02-raw.png,1c1194499c236687b77da9a11fcc6a82ee7fa74a2749df6384d447058adfa227,docs/art-source/one-frame-method-fullrun-20260724/ferret-sable-panda-set00-oneframe-62/alpha/frame-38-attempt-02-alpha.png,0142273b3d19f3d7ada63262622ed5e667ed6b6afc09bc2fde7f5e985edf01ea,docs/art-source/one-frame-method-fullrun-20260724/ferret-sable-panda-set00-oneframe-62/frames/frame-38.png,0142273b3d19f3d7ada63262622ed5e667ed6b6afc09bc2fde7f5e985edf01ea,docs/art-source/ferret-sable-panda/motion-source/accepted-frames/set00/frame-38.png,0142273b3d19f3d7ada63262622ed5e667ed6b6afc09bc2fde7f5e985edf01ea,true,docs/art-source/one-frame-method-fullrun-20260724/ferret-sable-panda-set00-oneframe-62/qa/turn-facing-correction-32-39/frame-38-attempt-02-prepare.json,docs/art-source/ferret-sable-panda/motion-source/qa/parent-verdict-set00.md,38,correction_candidate_sequence_review,correction_candidate_sequence_review;rejected_sequence_gate,docs/art-source/one-frame-method-fullrun-20260724/ferret-sable-panda-set00-oneframe-62/manifest.csv,2,docs/art-source/one-frame-method-fullrun-20260724/ferret-sable-panda-set00-oneframe-62/qa/turn-facing-correction-v6-32-39/canonical-post-promotion-v6.json,unique archived alpha SHA-256 equals accepted frame; parent-approved final canonical set
39,turn,03,docs/art-source/one-frame-method-fullrun-20260724/ferret-sable-panda-set00-oneframe-62,E:/Development/AnimalDesktop-asset-archives/20260724-ferret-three-variants/ferret-sable-panda-set00-oneframe-62,docs/art-source/one-frame-method-fullrun-20260724/ferret-sable-panda-set00-oneframe-62/prompts/frame-39-attempt-03.txt,438bb6e83c75b04aca62446ff6404b968521603e93a87c4fde23d81f062c1a8d,C:/Users/User/.codex/generated_images/019f90f3-d60e-7912-bf25-1266d016ed57/call_ifB94VhpOU6hEg0mI8qnd1yC.png,58ea0ab76eb8f3098dc971c2f9c0dfaf370f5ed195d62a532650d3c0f445f5ae,docs/art-source/one-frame-method-fullrun-20260724/ferret-sable-panda-set00-oneframe-62/raw/frame-39-attempt-03-raw.png,58ea0ab76eb8f3098dc971c2f9c0dfaf370f5ed195d62a532650d3c0f445f5ae,docs/art-source/one-frame-method-fullrun-20260724/ferret-sable-panda-set00-oneframe-62/alpha/frame-39-attempt-03-alpha.png,e041e77d5a13b79d8a8aa8a20c00de60e87e60ef96446286a029c0daef857bc3,docs/art-source/one-frame-method-fullrun-20260724/ferret-sable-panda-set00-oneframe-62/frames/frame-39.png,e041e77d5a13b79d8a8aa8a20c00de60e87e60ef96446286a029c0daef857bc3,docs/art-source/ferret-sable-panda/motion-source/accepted-frames/set00/frame-39.png,e041e77d5a13b79d8a8aa8a20c00de60e87e60ef96446286a029c0daef857bc3,true,docs/art-source/one-frame-method-fullrun-20260724/ferret-sable-panda-set00-oneframe-62/qa/turn-facing-correction-32-39/frame-39-attempt-03-prepare.json,docs/art-source/ferret-sable-panda/motion-source/qa/parent-verdict-set00.md,39,correction_candidate_sequence_review,correction_candidate_sequence_review;rejected_sequence_gate,docs/art-source/one-frame-method-fullrun-20260724/ferret-sable-panda-set00-oneframe-62/manifest.csv,2,docs/art-source/one-frame-method-fullrun-20260724/ferret-sable-panda-set00-oneframe-62/qa/turn-facing-correction-v6-32-39/canonical-post-promotion-v6.json,unique archived alpha SHA-256 equals accepted frame; parent-approved final canonical set
40,creep,01,docs/art-source/one-frame-method-fullrun-20260724/ferret-sable-panda-set00-oneframe-62,E:/Development/AnimalDesktop-asset-archives/20260724-ferret-three-variants/ferret-sable-panda-set00-oneframe-62,docs/art-source/one-frame-method-fullrun-20260724/ferret-sable-panda-set00-oneframe-62/prompts/frame-40-attempt-01.txt,3ddb35565f74c538c7786b84db33f547f2fc7df74ac0638a7125f275db10ec03,C:/Users/User/.codex/generated_images/019f90f3-d60e-7912-bf25-1266d016ed57/call_1YlOgPqP3IXP927h9TecLE3V.png,43480ae9da9197b597914e1fe28ac01b6258768aa90fdf8c8a6fd58a72b2bab7,docs/art-source/one-frame-method-fullrun-20260724/ferret-sable-panda-set00-oneframe-62/raw/frame-40-attempt-01-raw.png,43480ae9da9197b597914e1fe28ac01b6258768aa90fdf8c8a6fd58a72b2bab7,docs/art-source/one-frame-method-fullrun-20260724/ferret-sable-panda-set00-oneframe-62/alpha/frame-40-attempt-01-alpha.png,8acab1c883f1ce9cd3fb870f4313ec232bfee33d748943ccc078c03e70a18de8,docs/art-source/one-frame-method-fullrun-20260724/ferret-sable-panda-set00-oneframe-62/frames/frame-40.png,8acab1c883f1ce9cd3fb870f4313ec232bfee33d748943ccc078c03e70a18de8,docs/art-source/ferret-sable-panda/motion-source/accepted-frames/set00/frame-40.png,8acab1c883f1ce9cd3fb870f4313ec232bfee33d748943ccc078c03e70a18de8,true,docs/art-source/one-frame-method-fullrun-20260724/ferret-sable-panda-set00-oneframe-62/qa/frame-40-attempt-01-prepare.json,docs/art-source/ferret-sable-panda/motion-source/qa/parent-verdict-set00.md,40,candidate_parent_gate,candidate_parent_gate,docs/art-source/one-frame-method-fullrun-20260724/ferret-sable-panda-set00-oneframe-62/manifest.csv,1,docs/art-source/one-frame-method-fullrun-20260724/ferret-sable-panda-set00-oneframe-62/qa/final-53-61/final-62/canonical-00-61-verification.json,unique archived alpha SHA-256 equals accepted frame; parent-approved final canonical set
41,creep,04,docs/art-source/one-frame-method-fullrun-20260724/ferret-sable-panda-set00-oneframe-62,E:/Development/AnimalDesktop-asset-archives/20260724-ferret-three-variants/ferret-sable-panda-set00-oneframe-62,docs/art-source/one-frame-method-fullrun-20260724/ferret-sable-panda-set00-oneframe-62/prompts/frame-41-attempt-04.txt,67a76a88b6761e52dbc8f7b84c0e3c30918218f013de722d802a8c195707623d,C:/Users/User/.codex/generated_images/019f90f3-d60e-7912-bf25-1266d016ed57/call_yI0oDcUVIAiWMf5Btd1wbIqG.png,32e82fa719f3d830be59ca6dd7f04edf3ca8d1a39e493527b709bffa7ddc7d3b,docs/art-source/one-frame-method-fullrun-20260724/ferret-sable-panda-set00-oneframe-62/raw/frame-41-attempt-04-raw.png,32e82fa719f3d830be59ca6dd7f04edf3ca8d1a39e493527b709bffa7ddc7d3b,docs/art-source/one-frame-method-fullrun-20260724/ferret-sable-panda-set00-oneframe-62/alpha/frame-41-attempt-04-alpha.png,6e07b9969056d79be250376c30f017779272f0ebb7302f727030b562372c576f,docs/art-source/one-frame-method-fullrun-20260724/ferret-sable-panda-set00-oneframe-62/frames/frame-41.png,6e07b9969056d79be250376c30f017779272f0ebb7302f727030b562372c576f,docs/art-source/ferret-sable-panda/motion-source/accepted-frames/set00/frame-41.png,6e07b9969056d79be250376c30f017779272f0ebb7302f727030b562372c576f,true,docs/art-source/one-frame-method-fullrun-20260724/ferret-sable-panda-set00-oneframe-62/qa/frame-41-attempt-04-prepare.json,docs/art-source/ferret-sable-panda/motion-source/qa/parent-verdict-set00.md,41,candidate_parent_gate,candidate_parent_gate,docs/art-source/one-frame-method-fullrun-20260724/ferret-sable-panda-set00-oneframe-62/manifest.csv,1,docs/art-source/one-frame-method-fullrun-20260724/ferret-sable-panda-set00-oneframe-62/qa/final-53-61/final-62/canonical-00-61-verification.json,unique archived alpha SHA-256 equals accepted frame; parent-approved final canonical set
42,creep,03,docs/art-source/one-frame-method-fullrun-20260724/ferret-sable-panda-set00-oneframe-62,E:/Development/AnimalDesktop-asset-archives/20260724-ferret-three-variants/ferret-sable-panda-set00-oneframe-62,docs/art-source/one-frame-method-fullrun-20260724/ferret-sable-panda-set00-oneframe-62/prompts/frame-42-attempt-03.txt,a10a3330c95ade31ad554fa4e326807688ccd8588c76be7ac03561e0f38657a6,C:/Users/User/.codex/generated_images/019f90f3-d60e-7912-bf25-1266d016ed57/call_XZVINWTNSUkySlP2FrcKBcHS.png,ff7925a99a3c66228e525420435a76e565d77eb055bcdb20cd28989bcc3339c9,docs/art-source/one-frame-method-fullrun-20260724/ferret-sable-panda-set00-oneframe-62/raw/frame-42-attempt-03-raw.png,ff7925a99a3c66228e525420435a76e565d77eb055bcdb20cd28989bcc3339c9,docs/art-source/one-frame-method-fullrun-20260724/ferret-sable-panda-set00-oneframe-62/alpha/frame-42-attempt-03-alpha.png,86cb1ee022c13ea649b2b2ffeac0ffc4cfed365c4dbcdd8ac53c20c30a5a2b32,docs/art-source/one-frame-method-fullrun-20260724/ferret-sable-panda-set00-oneframe-62/frames/frame-42.png,86cb1ee022c13ea649b2b2ffeac0ffc4cfed365c4dbcdd8ac53c20c30a5a2b32,docs/art-source/ferret-sable-panda/motion-source/accepted-frames/set00/frame-42.png,86cb1ee022c13ea649b2b2ffeac0ffc4cfed365c4dbcdd8ac53c20c30a5a2b32,true,docs/art-source/one-frame-method-fullrun-20260724/ferret-sable-panda-set00-oneframe-62/qa/frame-42-attempt-03-prepare.json,docs/art-source/ferret-sable-panda/motion-source/qa/parent-verdict-set00.md,42,candidate_parent_gate,candidate_parent_gate,docs/art-source/one-frame-method-fullrun-20260724/ferret-sable-panda-set00-oneframe-62/manifest.csv,1,docs/art-source/one-frame-method-fullrun-20260724/ferret-sable-panda-set00-oneframe-62/qa/final-53-61/final-62/canonical-00-61-verification.json,unique archived alpha SHA-256 equals accepted frame; parent-approved final canonical set
43,creep,02,docs/art-source/one-frame-method-fullrun-20260724/ferret-sable-panda-set00-oneframe-62,E:/Development/AnimalDesktop-asset-archives/20260724-ferret-three-variants/ferret-sable-panda-set00-oneframe-62,docs/art-source/one-frame-method-fullrun-20260724/ferret-sable-panda-set00-oneframe-62/prompts/frame-43-attempt-02.txt,a10f531e16a6961f0f0c38cdbb8212cae5e5f114a03493e8019642254df55a41,C:/Users/User/.codex/generated_images/019f90f3-d60e-7912-bf25-1266d016ed57/call_2NCwoy6xCpmMR1Ne1YM1KlGB.png,a4cd917716c62e74b032b2723367f1ba09662ba3ed4bf5ef197131a057170976,docs/art-source/one-frame-method-fullrun-20260724/ferret-sable-panda-set00-oneframe-62/raw/frame-43-attempt-02-raw.png,a4cd917716c62e74b032b2723367f1ba09662ba3ed4bf5ef197131a057170976,docs/art-source/one-frame-method-fullrun-20260724/ferret-sable-panda-set00-oneframe-62/alpha/frame-43-attempt-02-alpha.png,390086256e9e0b2572dbd8b7d28aec368b05e6a4a8463ea762e5c6214b6d881d,docs/art-source/one-frame-method-fullrun-20260724/ferret-sable-panda-set00-oneframe-62/frames/frame-43.png,390086256e9e0b2572dbd8b7d28aec368b05e6a4a8463ea762e5c6214b6d881d,docs/art-source/ferret-sable-panda/motion-source/accepted-frames/set00/frame-43.png,390086256e9e0b2572dbd8b7d28aec368b05e6a4a8463ea762e5c6214b6d881d,true,docs/art-source/one-frame-method-fullrun-20260724/ferret-sable-panda-set00-oneframe-62/qa/frame-43-attempt-02-prepare.json,docs/art-source/ferret-sable-panda/motion-source/qa/parent-verdict-set00.md,43,candidate_parent_gate,candidate_parent_gate,docs/art-source/one-frame-method-fullrun-20260724/ferret-sable-panda-set00-oneframe-62/manifest.csv,1,docs/art-source/one-frame-method-fullrun-20260724/ferret-sable-panda-set00-oneframe-62/qa/final-53-61/final-62/canonical-00-61-verification.json,unique archived alpha SHA-256 equals accepted frame; parent-approved final canonical set
44,creep,01,docs/art-source/one-frame-method-fullrun-20260724/ferret-sable-panda-set00-oneframe-62,E:/Development/AnimalDesktop-asset-archives/20260724-ferret-three-variants/ferret-sable-panda-set00-oneframe-62,docs/art-source/one-frame-method-fullrun-20260724/ferret-sable-panda-set00-oneframe-62/prompts/frame-44-attempt-01.txt,e4a4e3562e7f4efac74c72971680f27f2935b8955a2b4c1404fb2a92bf746069,C:/Users/User/.codex/generated_images/019f90f3-d60e-7912-bf25-1266d016ed57/call_0E3OTvwYk7C93uI36EsnfeHC.png,dbed19ba1a823ab2c54dd2510b8cdec693dfbf7e04cc233913a3f7c52903210f,docs/art-source/one-frame-method-fullrun-20260724/ferret-sable-panda-set00-oneframe-62/raw/frame-44-attempt-01-raw.png,dbed19ba1a823ab2c54dd2510b8cdec693dfbf7e04cc233913a3f7c52903210f,docs/art-source/one-frame-method-fullrun-20260724/ferret-sable-panda-set00-oneframe-62/alpha/frame-44-attempt-01-alpha.png,daab0a7ed1e26cdc235fea0fdc2e365c1e065dbb3e12b6c23f538674bc755f2f,docs/art-source/one-frame-method-fullrun-20260724/ferret-sable-panda-set00-oneframe-62/frames/frame-44.png,daab0a7ed1e26cdc235fea0fdc2e365c1e065dbb3e12b6c23f538674bc755f2f,docs/art-source/ferret-sable-panda/motion-source/accepted-frames/set00/frame-44.png,daab0a7ed1e26cdc235fea0fdc2e365c1e065dbb3e12b6c23f538674bc755f2f,true,docs/art-source/one-frame-method-fullrun-20260724/ferret-sable-panda-set00-oneframe-62/qa/frame-44-attempt-01-prepare.json,docs/art-source/ferret-sable-panda/motion-source/qa/parent-verdict-set00.md,44,candidate_parent_gate,candidate_parent_gate,docs/art-source/one-frame-method-fullrun-20260724/ferret-sable-panda-set00-oneframe-62/manifest.csv,1,docs/art-source/one-frame-method-fullrun-20260724/ferret-sable-panda-set00-oneframe-62/qa/final-53-61/final-62/canonical-00-61-verification.json,unique archived alpha SHA-256 equals accepted frame; parent-approved final canonical set
45,creep,01,docs/art-source/one-frame-method-fullrun-20260724/ferret-sable-panda-set00-oneframe-62,E:/Development/AnimalDesktop-asset-archives/20260724-ferret-three-variants/ferret-sable-panda-set00-oneframe-62,docs/art-source/one-frame-method-fullrun-20260724/ferret-sable-panda-set00-oneframe-62/prompts/frame-45-attempt-01.txt,b28b350197122a0c552645cb0432a05b2d162b5af9ec3d0857868eaf31a160eb,C:/Users/User/.codex/generated_images/019f90f3-d60e-7912-bf25-1266d016ed57/call_Wa6HsGocF5uqcSgUtPvSE4Sa.png,b05ef6f1ef9d3f4ec6b653358b9defac48e65e210c4f5e4f5b14d48da2603149,docs/art-source/one-frame-method-fullrun-20260724/ferret-sable-panda-set00-oneframe-62/raw/frame-45-attempt-01-raw.png,b05ef6f1ef9d3f4ec6b653358b9defac48e65e210c4f5e4f5b14d48da2603149,docs/art-source/one-frame-method-fullrun-20260724/ferret-sable-panda-set00-oneframe-62/alpha/frame-45-attempt-01-alpha.png,0caf8e0ea7619cfe5695714ad66a9026960f8796bb6aa6e6996ef1dc0d92c723,docs/art-source/one-frame-method-fullrun-20260724/ferret-sable-panda-set00-oneframe-62/frames/frame-45.png,0caf8e0ea7619cfe5695714ad66a9026960f8796bb6aa6e6996ef1dc0d92c723,docs/art-source/ferret-sable-panda/motion-source/accepted-frames/set00/frame-45.png,0caf8e0ea7619cfe5695714ad66a9026960f8796bb6aa6e6996ef1dc0d92c723,true,docs/art-source/one-frame-method-fullrun-20260724/ferret-sable-panda-set00-oneframe-62/qa/frame-45-attempt-01-prepare.json,docs/art-source/ferret-sable-panda/motion-source/qa/parent-verdict-set00.md,45,candidate_parent_gate,candidate_parent_gate,docs/art-source/one-frame-method-fullrun-20260724/ferret-sable-panda-set00-oneframe-62/manifest.csv,1,docs/art-source/one-frame-method-fullrun-20260724/ferret-sable-panda-set00-oneframe-62/qa/final-53-61/final-62/canonical-00-61-verification.json,unique archived alpha SHA-256 equals accepted frame; parent-approved final canonical set
46,creep,01,docs/art-source/one-frame-method-fullrun-20260724/ferret-sable-panda-set00-oneframe-62,E:/Development/AnimalDesktop-asset-archives/20260724-ferret-three-variants/ferret-sable-panda-set00-oneframe-62,docs/art-source/one-frame-method-fullrun-20260724/ferret-sable-panda-set00-oneframe-62/prompts/frame-46-attempt-01.txt,08e7ea7f97e90db7c8c6eeeb91bd8cc58c5438016fad8f3f75963d2c6c7abebd,C:/Users/User/.codex/generated_images/019f90f3-d60e-7912-bf25-1266d016ed57/call_VcFCcyQYH3LMtgwgedWdOGmo.png,d26ff0252b137f346ff620886fd16921ee20a816a88031445403df0597de523c,docs/art-source/one-frame-method-fullrun-20260724/ferret-sable-panda-set00-oneframe-62/raw/frame-46-attempt-01-raw.png,d26ff0252b137f346ff620886fd16921ee20a816a88031445403df0597de523c,docs/art-source/one-frame-method-fullrun-20260724/ferret-sable-panda-set00-oneframe-62/alpha/frame-46-attempt-01-alpha.png,a04f56a9eff40be4379cdb8d7e580265453b2af7ccef65fa2ac7bb5e10510346,docs/art-source/one-frame-method-fullrun-20260724/ferret-sable-panda-set00-oneframe-62/frames/frame-46.png,a04f56a9eff40be4379cdb8d7e580265453b2af7ccef65fa2ac7bb5e10510346,docs/art-source/ferret-sable-panda/motion-source/accepted-frames/set00/frame-46.png,a04f56a9eff40be4379cdb8d7e580265453b2af7ccef65fa2ac7bb5e10510346,true,docs/art-source/one-frame-method-fullrun-20260724/ferret-sable-panda-set00-oneframe-62/qa/frame-46-attempt-01-prepare.json,docs/art-source/ferret-sable-panda/motion-source/qa/parent-verdict-set00.md,46,candidate_parent_gate,candidate_parent_gate,docs/art-source/one-frame-method-fullrun-20260724/ferret-sable-panda-set00-oneframe-62/manifest.csv,1,docs/art-source/one-frame-method-fullrun-20260724/ferret-sable-panda-set00-oneframe-62/qa/final-53-61/final-62/canonical-00-61-verification.json,unique archived alpha SHA-256 equals accepted frame; parent-approved final canonical set
47,creep,01,docs/art-source/one-frame-method-fullrun-20260724/ferret-sable-panda-set00-oneframe-62,E:/Development/AnimalDesktop-asset-archives/20260724-ferret-three-variants/ferret-sable-panda-set00-oneframe-62,docs/art-source/one-frame-method-fullrun-20260724/ferret-sable-panda-set00-oneframe-62/prompts/frame-47-attempt-01.txt,b1f6fa45fefa82a53b38439da9e3c210066a85a4f3bf8f4d2a86a3a48a2af41a,C:/Users/User/.codex/generated_images/019f90f3-d60e-7912-bf25-1266d016ed57/call_LuXUXrzpQ51ttTqtI6w6xtGq.png,727ae663618997e648c3368f3304aa540e4ad66ac2d430d89af9ab2ac806b6e3,docs/art-source/one-frame-method-fullrun-20260724/ferret-sable-panda-set00-oneframe-62/raw/frame-47-attempt-01-raw.png,727ae663618997e648c3368f3304aa540e4ad66ac2d430d89af9ab2ac806b6e3,docs/art-source/one-frame-method-fullrun-20260724/ferret-sable-panda-set00-oneframe-62/alpha/frame-47-attempt-01-alpha.png,f3c4aa6688f97ae9e08603b7db94da1d0fed49b97ba0ee2b1f76d23fd7a46d38,docs/art-source/one-frame-method-fullrun-20260724/ferret-sable-panda-set00-oneframe-62/frames/frame-47.png,f3c4aa6688f97ae9e08603b7db94da1d0fed49b97ba0ee2b1f76d23fd7a46d38,docs/art-source/ferret-sable-panda/motion-source/accepted-frames/set00/frame-47.png,f3c4aa6688f97ae9e08603b7db94da1d0fed49b97ba0ee2b1f76d23fd7a46d38,true,docs/art-source/one-frame-method-fullrun-20260724/ferret-sable-panda-set00-oneframe-62/qa/frame-47-attempt-01-prepare.json,docs/art-source/ferret-sable-panda/motion-source/qa/parent-verdict-set00.md,47,candidate_parent_gate,candidate_parent_gate,docs/art-source/one-frame-method-fullrun-20260724/ferret-sable-panda-set00-oneframe-62/manifest.csv,1,docs/art-source/one-frame-method-fullrun-20260724/ferret-sable-panda-set00-oneframe-62/qa/final-53-61/final-62/canonical-00-61-verification.json,unique archived alpha SHA-256 equals accepted frame; parent-approved final canonical set
48,rest,06,docs/art-source/one-frame-method-fullrun-20260724/ferret-sable-panda-set00-oneframe-62,E:/Development/AnimalDesktop-asset-archives/20260724-ferret-three-variants/ferret-sable-panda-set00-oneframe-62,docs/art-source/one-frame-method-fullrun-20260724/ferret-sable-panda-set00-oneframe-62/prompts/frame-48-attempt-06.txt,04e9b4e00703109219df018d3d281b7ec7877f9d63f0def706ac758fa7393129,C:/Users/User/.codex/generated_images/019f90f3-d60e-7912-bf25-1266d016ed57/call_0c0WXbUEad5eVZcOXALYl9UR.png,73f4d12bbb2d556699aac4850cf158f2f1dccca23d0d59b69d47016b29a5c082,docs/art-source/one-frame-method-fullrun-20260724/ferret-sable-panda-set00-oneframe-62/raw/frame-48-attempt-06-raw.png,73f4d12bbb2d556699aac4850cf158f2f1dccca23d0d59b69d47016b29a5c082,docs/art-source/one-frame-method-fullrun-20260724/ferret-sable-panda-set00-oneframe-62/alpha/frame-48-attempt-06-alpha.png,cf74e3ee41bf96863327d4f94a61ed597aa9b59c9638054d7e07c739d7823de3,docs/art-source/one-frame-method-fullrun-20260724/ferret-sable-panda-set00-oneframe-62/frames/frame-48.png,cf74e3ee41bf96863327d4f94a61ed597aa9b59c9638054d7e07c739d7823de3,docs/art-source/ferret-sable-panda/motion-source/accepted-frames/set00/frame-48.png,cf74e3ee41bf96863327d4f94a61ed597aa9b59c9638054d7e07c739d7823de3,true,docs/art-source/one-frame-method-fullrun-20260724/ferret-sable-panda-set00-oneframe-62/qa/frame-48-attempt-06-prepare.json,docs/art-source/ferret-sable-panda/motion-source/qa/parent-verdict-set00.md,48,candidate_parent_gate,candidate_parent_gate,docs/art-source/one-frame-method-fullrun-20260724/ferret-sable-panda-set00-oneframe-62/manifest.csv,1,docs/art-source/one-frame-method-fullrun-20260724/ferret-sable-panda-set00-oneframe-62/qa/final-53-61/final-62/canonical-00-61-verification.json,unique archived alpha SHA-256 equals accepted frame; parent-approved final canonical set
49,rest,03,docs/art-source/one-frame-method-fullrun-20260724/ferret-sable-panda-set00-oneframe-62,E:/Development/AnimalDesktop-asset-archives/20260724-ferret-three-variants/ferret-sable-panda-set00-oneframe-62,docs/art-source/one-frame-method-fullrun-20260724/ferret-sable-panda-set00-oneframe-62/prompts/frame-49-attempt-03.txt,35feedf84e1441a34ee1df19ffe010b11dd3d635f3289d2e4b05e3e5fa97fa35,C:/Users/User/.codex/generated_images/019f90f3-d60e-7912-bf25-1266d016ed57/call_ICObcCqyOH67AQhqAc3j8iPJ.png,661c4fe84a4515585fc5dbe3525d9a197798bed4b9c291c194679af5f5142244,docs/art-source/one-frame-method-fullrun-20260724/ferret-sable-panda-set00-oneframe-62/raw/frame-49-attempt-03-raw.png,661c4fe84a4515585fc5dbe3525d9a197798bed4b9c291c194679af5f5142244,docs/art-source/one-frame-method-fullrun-20260724/ferret-sable-panda-set00-oneframe-62/alpha/frame-49-attempt-03-alpha.png,cd708da1cd9d6fe23c9ac3acd75c3a701579997b17d8b49fe442c707cc242472,docs/art-source/one-frame-method-fullrun-20260724/ferret-sable-panda-set00-oneframe-62/frames/frame-49.png,cd708da1cd9d6fe23c9ac3acd75c3a701579997b17d8b49fe442c707cc242472,docs/art-source/ferret-sable-panda/motion-source/accepted-frames/set00/frame-49.png,cd708da1cd9d6fe23c9ac3acd75c3a701579997b17d8b49fe442c707cc242472,true,docs/art-source/one-frame-method-fullrun-20260724/ferret-sable-panda-set00-oneframe-62/qa/frame-49-attempt-03-prepare.json,docs/art-source/ferret-sable-panda/motion-source/qa/parent-verdict-set00.md,49,candidate_parent_gate,candidate_parent_gate,docs/art-source/one-frame-method-fullrun-20260724/ferret-sable-panda-set00-oneframe-62/manifest.csv,1,docs/art-source/one-frame-method-fullrun-20260724/ferret-sable-panda-set00-oneframe-62/qa/final-53-61/final-62/canonical-00-61-verification.json,unique archived alpha SHA-256 equals accepted frame; parent-approved final canonical set
50,rest,02,docs/art-source/one-frame-method-fullrun-20260724/ferret-sable-panda-set00-oneframe-62,E:/Development/AnimalDesktop-asset-archives/20260724-ferret-three-variants/ferret-sable-panda-set00-oneframe-62,docs/art-source/one-frame-method-fullrun-20260724/ferret-sable-panda-set00-oneframe-62/prompts/frame-50-attempt-02.txt,a272524a9da87e9aebf4eda11f1b214def2f3e6c72c5d2c29898725ad74976db,C:/Users/User/.codex/generated_images/019f90f3-d60e-7912-bf25-1266d016ed57/call_LSI96oDIlWXNheWFOagWTV2y.png,d664a8deaedae482c97e1f0706ce091ca43a85a5b10a1fc72218a96c855d6630,docs/art-source/one-frame-method-fullrun-20260724/ferret-sable-panda-set00-oneframe-62/raw/frame-50-attempt-02-raw.png,d664a8deaedae482c97e1f0706ce091ca43a85a5b10a1fc72218a96c855d6630,docs/art-source/one-frame-method-fullrun-20260724/ferret-sable-panda-set00-oneframe-62/alpha/frame-50-attempt-02-alpha.png,ff6b6cc7fbf6491e2a31402055dde77373de97b3a7af10e6a72718044d611d0a,docs/art-source/one-frame-method-fullrun-20260724/ferret-sable-panda-set00-oneframe-62/frames/frame-50.png,ff6b6cc7fbf6491e2a31402055dde77373de97b3a7af10e6a72718044d611d0a,docs/art-source/ferret-sable-panda/motion-source/accepted-frames/set00/frame-50.png,ff6b6cc7fbf6491e2a31402055dde77373de97b3a7af10e6a72718044d611d0a,true,docs/art-source/one-frame-method-fullrun-20260724/ferret-sable-panda-set00-oneframe-62/qa/frame-50-attempt-02-prepare.json,docs/art-source/ferret-sable-panda/motion-source/qa/parent-verdict-set00.md,50,candidate_parent_gate,candidate_parent_gate,docs/art-source/one-frame-method-fullrun-20260724/ferret-sable-panda-set00-oneframe-62/manifest.csv,1,docs/art-source/one-frame-method-fullrun-20260724/ferret-sable-panda-set00-oneframe-62/qa/final-53-61/final-62/canonical-00-61-verification.json,unique archived alpha SHA-256 equals accepted frame; parent-approved final canonical set
51,rest,02,docs/art-source/one-frame-method-fullrun-20260724/ferret-sable-panda-set00-oneframe-62,E:/Development/AnimalDesktop-asset-archives/20260724-ferret-three-variants/ferret-sable-panda-set00-oneframe-62,docs/art-source/one-frame-method-fullrun-20260724/ferret-sable-panda-set00-oneframe-62/prompts/frame-51-attempt-02.txt,adeed21b8382d8618ca2e97e37043a2e97f59dba8ab9e5a922887baca3e7a9f1,C:/Users/User/.codex/generated_images/019f90f3-d60e-7912-bf25-1266d016ed57/call_0A90yOL1wF6gOp1tYHMnZpFO.png,bb8652362c1990418d1b29f916e9553fd5eb4b67c1e63a024f2467b606049988,docs/art-source/one-frame-method-fullrun-20260724/ferret-sable-panda-set00-oneframe-62/raw/frame-51-attempt-02-raw.png,bb8652362c1990418d1b29f916e9553fd5eb4b67c1e63a024f2467b606049988,docs/art-source/one-frame-method-fullrun-20260724/ferret-sable-panda-set00-oneframe-62/alpha/frame-51-attempt-02-alpha.png,b4106dab97f28229117a5cb61b54279340268a241bdbc7a0f6a21ca6c6108daf,docs/art-source/one-frame-method-fullrun-20260724/ferret-sable-panda-set00-oneframe-62/frames/frame-51.png,b4106dab97f28229117a5cb61b54279340268a241bdbc7a0f6a21ca6c6108daf,docs/art-source/ferret-sable-panda/motion-source/accepted-frames/set00/frame-51.png,b4106dab97f28229117a5cb61b54279340268a241bdbc7a0f6a21ca6c6108daf,true,docs/art-source/one-frame-method-fullrun-20260724/ferret-sable-panda-set00-oneframe-62/qa/frame-51-attempt-02-prepare.json,docs/art-source/ferret-sable-panda/motion-source/qa/parent-verdict-set00.md,51,candidate_parent_gate,candidate_parent_gate,docs/art-source/one-frame-method-fullrun-20260724/ferret-sable-panda-set00-oneframe-62/manifest.csv,1,docs/art-source/one-frame-method-fullrun-20260724/ferret-sable-panda-set00-oneframe-62/qa/final-53-61/final-62/canonical-00-61-verification.json,unique archived alpha SHA-256 equals accepted frame; parent-approved final canonical set
52,rest,02,docs/art-source/one-frame-method-fullrun-20260724/ferret-sable-panda-set00-oneframe-62,E:/Development/AnimalDesktop-asset-archives/20260724-ferret-three-variants/ferret-sable-panda-set00-oneframe-62,docs/art-source/one-frame-method-fullrun-20260724/ferret-sable-panda-set00-oneframe-62/prompts/frame-52-attempt-02.txt,ce8b7de4dcec90fd26397930e3826a7c2c6e9e428e7aa3d30c9a25730e127aeb,C:/Users/User/.codex/generated_images/019f90f3-d60e-7912-bf25-1266d016ed57/call_66amNk3EVvn6ViOF9runY0Jg.png,0c7f2002a92936664603631bfefe55124f86b6424289885903acc77298eb31ea,docs/art-source/one-frame-method-fullrun-20260724/ferret-sable-panda-set00-oneframe-62/raw/frame-52-attempt-02-raw.png,0c7f2002a92936664603631bfefe55124f86b6424289885903acc77298eb31ea,docs/art-source/one-frame-method-fullrun-20260724/ferret-sable-panda-set00-oneframe-62/alpha/frame-52-attempt-02-alpha.png,ee3c10235a1a79440e2ad42cc58ed1130ed0a4f44858679afb7dfaf0cc82805b,docs/art-source/one-frame-method-fullrun-20260724/ferret-sable-panda-set00-oneframe-62/frames/frame-52.png,ee3c10235a1a79440e2ad42cc58ed1130ed0a4f44858679afb7dfaf0cc82805b,docs/art-source/ferret-sable-panda/motion-source/accepted-frames/set00/frame-52.png,ee3c10235a1a79440e2ad42cc58ed1130ed0a4f44858679afb7dfaf0cc82805b,true,docs/art-source/one-frame-method-fullrun-20260724/ferret-sable-panda-set00-oneframe-62/qa/frame-52-attempt-02-prepare.json,docs/art-source/ferret-sable-panda/motion-source/qa/parent-verdict-set00.md,52,candidate_parent_gate,candidate_parent_gate,docs/art-source/one-frame-method-fullrun-20260724/ferret-sable-panda-set00-oneframe-62/manifest.csv,1,docs/art-source/one-frame-method-fullrun-20260724/ferret-sable-panda-set00-oneframe-62/qa/final-53-61/final-62/canonical-00-61-verification.json,unique archived alpha SHA-256 equals accepted frame; parent-approved final canonical set
53,rest,01,docs/art-source/one-frame-method-fullrun-20260724/ferret-sable-panda-set00-oneframe-62,E:/Development/AnimalDesktop-asset-archives/20260724-ferret-three-variants/ferret-sable-panda-set00-oneframe-62,docs/art-source/one-frame-method-fullrun-20260724/ferret-sable-panda-set00-oneframe-62/prompts/frame-52-attempt-01.txt,cb443be1d5d0efce499c8ae5dfe7faa935218c3090d86772dffa7b3a12295057,C:/Users/User/.codex/generated_images/019f90f3-d60e-7912-bf25-1266d016ed57/call_TNo2muCPOnjky3ld0R0QfBOU.png,f195e23e3803df0c8c7fe06e3cc825dee36e61db840182b14630f8a1b7cdbbc6,docs/art-source/one-frame-method-fullrun-20260724/ferret-sable-panda-set00-oneframe-62/raw/frame-52-attempt-01-raw.png,f195e23e3803df0c8c7fe06e3cc825dee36e61db840182b14630f8a1b7cdbbc6,docs/art-source/one-frame-method-fullrun-20260724/ferret-sable-panda-set00-oneframe-62/alpha/frame-52-attempt-01-alpha.png,6f2645ee37574bc658167da0001c3467b2d291be561cb400667465b9203b66ea,docs/art-source/one-frame-method-fullrun-20260724/ferret-sable-panda-set00-oneframe-62/frames/frame-53.png,6f2645ee37574bc658167da0001c3467b2d291be561cb400667465b9203b66ea,docs/art-source/ferret-sable-panda/motion-source/accepted-frames/set00/frame-53.png,6f2645ee37574bc658167da0001c3467b2d291be561cb400667465b9203b66ea,true,docs/art-source/one-frame-method-fullrun-20260724/ferret-sable-panda-set00-oneframe-62/qa/final-53-61/requalification-frame53-from-frame52-attempt01/requalification-report.json,docs/art-source/ferret-sable-panda/motion-source/qa/parent-verdict-set00.md,52,accepted_requalified_canonical,rejected_visual_motion;accepted_requalified_canonical,docs/art-source/one-frame-method-fullrun-20260724/ferret-sable-panda-set00-oneframe-62/manifest.csv,2,docs/art-source/one-frame-method-fullrun-20260724/ferret-sable-panda-set00-oneframe-62/qa/final-53-61/final-62/canonical-00-61-verification.json,unique archived alpha SHA-256 equals accepted frame; parent-approved final canonical set
54,rest,02,docs/art-source/one-frame-method-fullrun-20260724/ferret-sable-panda-set00-oneframe-62,E:/Development/AnimalDesktop-asset-archives/20260724-ferret-three-variants/ferret-sable-panda-set00-oneframe-62,docs/art-source/one-frame-method-fullrun-20260724/ferret-sable-panda-set00-oneframe-62/prompts/frame-54-attempt-02.txt,d8686271145c3506e6b4f52f10e451618f70575551221080c67da2530b73f56f,C:/Users/User/.codex/generated_images/019f90f3-d60e-7912-bf25-1266d016ed57/call_Hc3BcyMtndOlkbCNYkaRpTms.png,81392a5a03ce713b9f1d44d92eb00ea6a1299763778d682275f560d5d8df5d90,docs/art-source/one-frame-method-fullrun-20260724/ferret-sable-panda-set00-oneframe-62/raw/frame-54-attempt-02-raw.png,81392a5a03ce713b9f1d44d92eb00ea6a1299763778d682275f560d5d8df5d90,docs/art-source/one-frame-method-fullrun-20260724/ferret-sable-panda-set00-oneframe-62/alpha/frame-54-attempt-02-alpha.png,4c01930e2893a05e7a6e8a59a9a35a6c38cd04793e0201f48befe87878a116f9,docs/art-source/one-frame-method-fullrun-20260724/ferret-sable-panda-set00-oneframe-62/frames/frame-54.png,4c01930e2893a05e7a6e8a59a9a35a6c38cd04793e0201f48befe87878a116f9,docs/art-source/ferret-sable-panda/motion-source/accepted-frames/set00/frame-54.png,4c01930e2893a05e7a6e8a59a9a35a6c38cd04793e0201f48befe87878a116f9,true,docs/art-source/one-frame-method-fullrun-20260724/ferret-sable-panda-set00-oneframe-62/qa/final-53-61/candidates/frame-54-attempt-02/prepare.json,docs/art-source/ferret-sable-panda/motion-source/qa/parent-verdict-set00.md,54,accepted_canonical,accepted_canonical,docs/art-source/one-frame-method-fullrun-20260724/ferret-sable-panda-set00-oneframe-62/manifest.csv,1,docs/art-source/one-frame-method-fullrun-20260724/ferret-sable-panda-set00-oneframe-62/qa/final-53-61/final-62/canonical-00-61-verification.json,unique archived alpha SHA-256 equals accepted frame; parent-approved final canonical set
55,rest,01,docs/art-source/one-frame-method-fullrun-20260724/ferret-sable-panda-set00-oneframe-62,E:/Development/AnimalDesktop-asset-archives/20260724-ferret-three-variants/ferret-sable-panda-set00-oneframe-62,docs/art-source/one-frame-method-fullrun-20260724/ferret-sable-panda-set00-oneframe-62/prompts/frame-55-attempt-01.txt,59a5a3222f1768f175c40c84211391b051fadef121b4f5a46ca139fb49feb69e,C:/Users/User/.codex/generated_images/019f90f3-d60e-7912-bf25-1266d016ed57/call_uHqydMUgoq2nN4tD9IxKD2sc.png,bcf3e9d92f3225cf5ac2d0fa935225fc3b1559869308ea923499c3bdc719daa0,docs/art-source/one-frame-method-fullrun-20260724/ferret-sable-panda-set00-oneframe-62/raw/frame-55-attempt-01-raw.png,bcf3e9d92f3225cf5ac2d0fa935225fc3b1559869308ea923499c3bdc719daa0,docs/art-source/one-frame-method-fullrun-20260724/ferret-sable-panda-set00-oneframe-62/alpha/frame-55-attempt-01-alpha.png,5820da50e6c9b709104a77202cc42861d971adb8a8de2701c051127ddfb790fb,docs/art-source/one-frame-method-fullrun-20260724/ferret-sable-panda-set00-oneframe-62/frames/frame-55.png,5820da50e6c9b709104a77202cc42861d971adb8a8de2701c051127ddfb790fb,docs/art-source/ferret-sable-panda/motion-source/accepted-frames/set00/frame-55.png,5820da50e6c9b709104a77202cc42861d971adb8a8de2701c051127ddfb790fb,true,docs/art-source/one-frame-method-fullrun-20260724/ferret-sable-panda-set00-oneframe-62/qa/final-53-61/candidates/frame-55-attempt-01/prepare.json,docs/art-source/ferret-sable-panda/motion-source/qa/parent-verdict-set00.md,55,accepted_canonical,accepted_canonical,docs/art-source/one-frame-method-fullrun-20260724/ferret-sable-panda-set00-oneframe-62/manifest.csv,1,docs/art-source/one-frame-method-fullrun-20260724/ferret-sable-panda-set00-oneframe-62/qa/final-53-61/final-62/canonical-00-61-verification.json,unique archived alpha SHA-256 equals accepted frame; parent-approved final canonical set
56,alert,01,docs/art-source/one-frame-method-fullrun-20260724/ferret-sable-panda-set00-oneframe-62,E:/Development/AnimalDesktop-asset-archives/20260724-ferret-three-variants/ferret-sable-panda-set00-oneframe-62,docs/art-source/one-frame-method-fullrun-20260724/ferret-sable-panda-set00-oneframe-62/prompts/frame-56-attempt-01.txt,4df0c5d197fd0400feddf08d74cd9495b9ba11ea1177ee4f91c4280070d29b40,C:/Users/User/.codex/generated_images/019f90f3-d60e-7912-bf25-1266d016ed57/call_nQ3sHBdza0AEoCgvq7abfh5X.png,d59ee7667c18677cba568c53a5a4a5214acfc9f9e137e96b1f14812446eb2d10,docs/art-source/one-frame-method-fullrun-20260724/ferret-sable-panda-set00-oneframe-62/raw/frame-56-attempt-01-raw.png,d59ee7667c18677cba568c53a5a4a5214acfc9f9e137e96b1f14812446eb2d10,docs/art-source/one-frame-method-fullrun-20260724/ferret-sable-panda-set00-oneframe-62/alpha/frame-56-attempt-01-alpha.png,2b9e237bc46beb6e030190e09611e20dbf5174022622becc15bc20ca936bd012,docs/art-source/one-frame-method-fullrun-20260724/ferret-sable-panda-set00-oneframe-62/frames/frame-56.png,2b9e237bc46beb6e030190e09611e20dbf5174022622becc15bc20ca936bd012,docs/art-source/ferret-sable-panda/motion-source/accepted-frames/set00/frame-56.png,2b9e237bc46beb6e030190e09611e20dbf5174022622becc15bc20ca936bd012,true,docs/art-source/one-frame-method-fullrun-20260724/ferret-sable-panda-set00-oneframe-62/qa/final-53-61/candidates/frame-56-attempt-01/prepare.json,docs/art-source/ferret-sable-panda/motion-source/qa/parent-verdict-set00.md,56,accepted_canonical,accepted_canonical,docs/art-source/one-frame-method-fullrun-20260724/ferret-sable-panda-set00-oneframe-62/manifest.csv,1,docs/art-source/one-frame-method-fullrun-20260724/ferret-sable-panda-set00-oneframe-62/qa/final-53-61/final-62/canonical-00-61-verification.json,unique archived alpha SHA-256 equals accepted frame; parent-approved final canonical set
57,alert,02,docs/art-source/one-frame-method-fullrun-20260724/ferret-sable-panda-set00-oneframe-62,E:/Development/AnimalDesktop-asset-archives/20260724-ferret-three-variants/ferret-sable-panda-set00-oneframe-62,docs/art-source/one-frame-method-fullrun-20260724/ferret-sable-panda-set00-oneframe-62/prompts/frame-57-attempt-02.txt,f806be5294df4f417de532cf763472c3133f1998ba1f89022a6543b8e56c148b,C:/Users/User/.codex/generated_images/019f90f3-d60e-7912-bf25-1266d016ed57/call_nDtn2TEAUda5kaN3eZUozY2f.png,eb1c3cbc03ec27e665aadcac1bbcf626ae2f92c123f661ad8ff0b111c6b0b064,docs/art-source/one-frame-method-fullrun-20260724/ferret-sable-panda-set00-oneframe-62/raw/frame-57-attempt-02-raw.png,eb1c3cbc03ec27e665aadcac1bbcf626ae2f92c123f661ad8ff0b111c6b0b064,docs/art-source/one-frame-method-fullrun-20260724/ferret-sable-panda-set00-oneframe-62/alpha/frame-57-attempt-02-alpha.png,9463b11aab164e1b1422db97c447ad81c76566c7b13fc55aff480538d6acb839,docs/art-source/one-frame-method-fullrun-20260724/ferret-sable-panda-set00-oneframe-62/frames/frame-57.png,9463b11aab164e1b1422db97c447ad81c76566c7b13fc55aff480538d6acb839,docs/art-source/ferret-sable-panda/motion-source/accepted-frames/set00/frame-57.png,9463b11aab164e1b1422db97c447ad81c76566c7b13fc55aff480538d6acb839,true,docs/art-source/one-frame-method-fullrun-20260724/ferret-sable-panda-set00-oneframe-62/qa/final-53-61/candidates/frame-57-attempt-02/prepare.json,docs/art-source/ferret-sable-panda/motion-source/qa/parent-verdict-set00.md,57,accepted_canonical,accepted_canonical,docs/art-source/one-frame-method-fullrun-20260724/ferret-sable-panda-set00-oneframe-62/manifest.csv,1,docs/art-source/one-frame-method-fullrun-20260724/ferret-sable-panda-set00-oneframe-62/qa/final-53-61/final-62/canonical-00-61-verification.json,unique archived alpha SHA-256 equals accepted frame; parent-approved final canonical set
58,alert,01,docs/art-source/one-frame-method-fullrun-20260724/ferret-sable-panda-set00-oneframe-62,E:/Development/AnimalDesktop-asset-archives/20260724-ferret-three-variants/ferret-sable-panda-set00-oneframe-62,docs/art-source/one-frame-method-fullrun-20260724/ferret-sable-panda-set00-oneframe-62/prompts/frame-58-attempt-01.txt,1b693de29c549fec2fb15ac8113e919357873ea99d19f575d85332b8f3de7d17,C:/Users/User/.codex/generated_images/019f90f3-d60e-7912-bf25-1266d016ed57/call_XBw8FNUVTFkSeWJHMe2NbT4e.png,ce88e52459643b0b3175fa2b98248095203539e902ddc8b796b9688b312bad9e,docs/art-source/one-frame-method-fullrun-20260724/ferret-sable-panda-set00-oneframe-62/raw/frame-58-attempt-01-raw.png,ce88e52459643b0b3175fa2b98248095203539e902ddc8b796b9688b312bad9e,docs/art-source/one-frame-method-fullrun-20260724/ferret-sable-panda-set00-oneframe-62/alpha/frame-58-attempt-01-alpha.png,38f395768c2dabd988de607e0817d5157df70e5d9a5674ed586f93c4c797bc5e,docs/art-source/one-frame-method-fullrun-20260724/ferret-sable-panda-set00-oneframe-62/frames/frame-58.png,38f395768c2dabd988de607e0817d5157df70e5d9a5674ed586f93c4c797bc5e,docs/art-source/ferret-sable-panda/motion-source/accepted-frames/set00/frame-58.png,38f395768c2dabd988de607e0817d5157df70e5d9a5674ed586f93c4c797bc5e,true,docs/art-source/one-frame-method-fullrun-20260724/ferret-sable-panda-set00-oneframe-62/qa/final-53-61/candidates/frame-58-attempt-01/prepare.json,docs/art-source/ferret-sable-panda/motion-source/qa/parent-verdict-set00.md,58,accepted_canonical,accepted_canonical,docs/art-source/one-frame-method-fullrun-20260724/ferret-sable-panda-set00-oneframe-62/manifest.csv,1,docs/art-source/one-frame-method-fullrun-20260724/ferret-sable-panda-set00-oneframe-62/qa/final-53-61/final-62/canonical-00-61-verification.json,unique archived alpha SHA-256 equals accepted frame; parent-approved final canonical set
59,alert,01,docs/art-source/one-frame-method-fullrun-20260724/ferret-sable-panda-set00-oneframe-62,E:/Development/AnimalDesktop-asset-archives/20260724-ferret-three-variants/ferret-sable-panda-set00-oneframe-62,docs/art-source/one-frame-method-fullrun-20260724/ferret-sable-panda-set00-oneframe-62/prompts/frame-59-attempt-01.txt,4b30dfdfc71869150b3122b45d714fbf1f2a8cb4bdef7048ae25ec84600157e1,C:/Users/User/.codex/generated_images/019f90f3-d60e-7912-bf25-1266d016ed57/call_GzF8QG6NOxy46vYDbcum3Skx.png,7c29f78549fb782da43998e37faae88b7a4beae6f6be8a0066a1afd4cda23fe3,docs/art-source/one-frame-method-fullrun-20260724/ferret-sable-panda-set00-oneframe-62/raw/frame-59-attempt-01-raw.png,7c29f78549fb782da43998e37faae88b7a4beae6f6be8a0066a1afd4cda23fe3,docs/art-source/one-frame-method-fullrun-20260724/ferret-sable-panda-set00-oneframe-62/alpha/frame-59-attempt-01-alpha.png,e29cec08986300488ca5e91c232b1d5c0d06b48104c158b9caba0280376e86c6,docs/art-source/one-frame-method-fullrun-20260724/ferret-sable-panda-set00-oneframe-62/frames/frame-59.png,e29cec08986300488ca5e91c232b1d5c0d06b48104c158b9caba0280376e86c6,docs/art-source/ferret-sable-panda/motion-source/accepted-frames/set00/frame-59.png,e29cec08986300488ca5e91c232b1d5c0d06b48104c158b9caba0280376e86c6,true,docs/art-source/one-frame-method-fullrun-20260724/ferret-sable-panda-set00-oneframe-62/qa/final-53-61/candidates/frame-59-attempt-01/prepare.json,docs/art-source/ferret-sable-panda/motion-source/qa/parent-verdict-set00.md,59,accepted_canonical,accepted_canonical,docs/art-source/one-frame-method-fullrun-20260724/ferret-sable-panda-set00-oneframe-62/manifest.csv,1,docs/art-source/one-frame-method-fullrun-20260724/ferret-sable-panda-set00-oneframe-62/qa/final-53-61/final-62/canonical-00-61-verification.json,unique archived alpha SHA-256 equals accepted frame; parent-approved final canonical set
60,alert,02,docs/art-source/one-frame-method-fullrun-20260724/ferret-sable-panda-set00-oneframe-62,E:/Development/AnimalDesktop-asset-archives/20260724-ferret-three-variants/ferret-sable-panda-set00-oneframe-62,docs/art-source/one-frame-method-fullrun-20260724/ferret-sable-panda-set00-oneframe-62/prompts/frame-60-attempt-02.txt,98f812a81213e61809f46daca0abd8689821942aa7e8e576055a9606099d9645,C:/Users/User/.codex/generated_images/019f90f3-d60e-7912-bf25-1266d016ed57/call_Nut4Ky7wNSPjXBNWsrxtGuXb.png,3234303e398446d7a9f8275eac214be75fa4d3c4c4f08ce55e63d5e999ff8e32,docs/art-source/one-frame-method-fullrun-20260724/ferret-sable-panda-set00-oneframe-62/raw/frame-60-attempt-02-raw.png,3234303e398446d7a9f8275eac214be75fa4d3c4c4f08ce55e63d5e999ff8e32,docs/art-source/one-frame-method-fullrun-20260724/ferret-sable-panda-set00-oneframe-62/alpha/frame-60-attempt-02-alpha.png,fac5bc76a3b38fed511e35e09c834797af8d0eb03035f3350e911ff8399c4baf,docs/art-source/one-frame-method-fullrun-20260724/ferret-sable-panda-set00-oneframe-62/frames/frame-60.png,fac5bc76a3b38fed511e35e09c834797af8d0eb03035f3350e911ff8399c4baf,docs/art-source/ferret-sable-panda/motion-source/accepted-frames/set00/frame-60.png,fac5bc76a3b38fed511e35e09c834797af8d0eb03035f3350e911ff8399c4baf,true,docs/art-source/one-frame-method-fullrun-20260724/ferret-sable-panda-set00-oneframe-62/qa/final-53-61/candidates/frame-60-attempt-02/prepare.json,docs/art-source/ferret-sable-panda/motion-source/qa/parent-verdict-set00.md,60,accepted_canonical,accepted_canonical,docs/art-source/one-frame-method-fullrun-20260724/ferret-sable-panda-set00-oneframe-62/manifest.csv,1,docs/art-source/one-frame-method-fullrun-20260724/ferret-sable-panda-set00-oneframe-62/qa/final-53-61/final-62/canonical-00-61-verification.json,unique archived alpha SHA-256 equals accepted frame; parent-approved final canonical set
61,alert,02,docs/art-source/one-frame-method-fullrun-20260724/ferret-sable-panda-set00-oneframe-62,E:/Development/AnimalDesktop-asset-archives/20260724-ferret-three-variants/ferret-sable-panda-set00-oneframe-62,docs/art-source/one-frame-method-fullrun-20260724/ferret-sable-panda-set00-oneframe-62/prompts/frame-61-attempt-02.txt,033ca2d53f6685adb94b50099b1adeb5df6b849d8b60d0e9c74dc8556da93157,C:/Users/User/.codex/generated_images/019f90f3-d60e-7912-bf25-1266d016ed57/call_uhxWktZ8WvvNEkjCogme7eZt.png,662b5ed9eed79f58ade537893dade7f902f507ff797cfbd92197cd5cf8f7193c,docs/art-source/one-frame-method-fullrun-20260724/ferret-sable-panda-set00-oneframe-62/raw/frame-61-attempt-02-raw.png,662b5ed9eed79f58ade537893dade7f902f507ff797cfbd92197cd5cf8f7193c,docs/art-source/one-frame-method-fullrun-20260724/ferret-sable-panda-set00-oneframe-62/alpha/frame-61-attempt-02-alpha.png,f23d67369164b10c8aa7ee12b590af521657a40ee3c507799e1688e1e86b4b7e,docs/art-source/one-frame-method-fullrun-20260724/ferret-sable-panda-set00-oneframe-62/frames/frame-61.png,f23d67369164b10c8aa7ee12b590af521657a40ee3c507799e1688e1e86b4b7e,docs/art-source/ferret-sable-panda/motion-source/accepted-frames/set00/frame-61.png,f23d67369164b10c8aa7ee12b590af521657a40ee3c507799e1688e1e86b4b7e,true,docs/art-source/one-frame-method-fullrun-20260724/ferret-sable-panda-set00-oneframe-62/qa/final-53-61/candidates/frame-61-attempt-02/prepare.json,docs/art-source/ferret-sable-panda/motion-source/qa/parent-verdict-set00.md,61,accepted_canonical,accepted_canonical,docs/art-source/one-frame-method-fullrun-20260724/ferret-sable-panda-set00-oneframe-62/manifest.csv,1,docs/art-source/one-frame-method-fullrun-20260724/ferret-sable-panda-set00-oneframe-62/qa/final-53-61/final-62/canonical-00-61-verification.json,unique archived alpha SHA-256 equals accepted frame; parent-approved final canonical set
