frame,action,winner_attempt,production_run_path_original,archive_run_path,prompt_path,prompt_sha256,source_imagegen_path,source_imagegen_sha256,raw_path,raw_sha256,alpha_path,alpha_sha256,winner_source_path,winner_sha256,accepted_path,accepted_sha256,source_equals_accepted,provenance_path,parent_gate_summary
00,idle,a01,docs/art-source/one-frame-method-fullrun-20260724/ferret-albino-set00-oneframe-62/oneframe-coat-00-07-20260724,E:/Development/AnimalDesktop-asset-archives/20260724-ferret-three-variants/ferret-albino-set00-oneframe-62/oneframe-coat-00-07-20260724,docs/art-source/one-frame-method-fullrun-20260724/ferret-albino-set00-oneframe-62/oneframe-coat-00-07-20260724/attempts/frame-00/a01/prompt.txt,c7537ed312a87487586861a853226c2677f9ddec41d97c32d63d8d556fd64f4d,C:/Users/User/.codex/generated_images/019f90f4-29ad-79d1-a72d-f5e73c495bc8/call_WUUdUMySiaGdhkPv0SmOZdim.png,bf4bb71fef3ea051f19e8569a641b4114aa8ead20ad6b441083f23c9ad16ac3e,docs/art-source/one-frame-method-fullrun-20260724/ferret-albino-set00-oneframe-62/oneframe-coat-00-07-20260724/attempts/frame-00/a01/raw/frame-00.png,bf4bb71fef3ea051f19e8569a641b4114aa8ead20ad6b441083f23c9ad16ac3e,docs/art-source/one-frame-method-fullrun-20260724/ferret-albino-set00-oneframe-62/oneframe-coat-00-07-20260724/attempts/frame-00/a01/alpha/frame-00.png,9f8d184b8c5ae4603671c6979afd582b24ed5c1c20c212fbd37e2a5f99e0f734,docs/art-source/one-frame-method-fullrun-20260724/ferret-albino-set00-oneframe-62/oneframe-coat-00-07-20260724/frames/frame-00.png,9f8d184b8c5ae4603671c6979afd582b24ed5c1c20c212fbd37e2a5f99e0f734,docs/art-source/ferret-albino/motion-source/accepted-frames/set00/frame-00.png,9f8d184b8c5ae4603671c6979afd582b24ed5c1c20c212fbd37e2a5f99e0f734,true,docs/art-source/one-frame-method-fullrun-20260724/ferret-albino-set00-oneframe-62/oneframe-coat-00-07-20260724/attempts/frame-00/a01/verdict.json,docs/art-source/ferret-albino/motion-source/qa/parent-verdict-set00.md
01,idle,a01,docs/art-source/one-frame-method-fullrun-20260724/ferret-albino-set00-oneframe-62/oneframe-coat-00-07-20260724,E:/Development/AnimalDesktop-asset-archives/20260724-ferret-three-variants/ferret-albino-set00-oneframe-62/oneframe-coat-00-07-20260724,docs/art-source/one-frame-method-fullrun-20260724/ferret-albino-set00-oneframe-62/oneframe-coat-00-07-20260724/attempts/frame-01/a01/prompt.txt,c694553a99b584c455e2b2bedf06e2039499c266a5ba138f0e8aad5d9b01366a,C:/Users/User/.codex/generated_images/019f90f4-29ad-79d1-a72d-f5e73c495bc8/call_vbyHcaFLDbytkBrVBDF0ORGa.png,50317efdf95760450736a6709d86adf1ff0d84dbf468fbb3ed3fa3c5bbdb7a31,docs/art-source/one-frame-method-fullrun-20260724/ferret-albino-set00-oneframe-62/oneframe-coat-00-07-20260724/attempts/frame-01/a01/raw/frame-01.png,50317efdf95760450736a6709d86adf1ff0d84dbf468fbb3ed3fa3c5bbdb7a31,docs/art-source/one-frame-method-fullrun-20260724/ferret-albino-set00-oneframe-62/oneframe-coat-00-07-20260724/attempts/frame-01/a01/alpha/frame-01.png,5cca00bdd1609027c1eaf69ed18e39beebbff7a07ab67a2ab4b1d40c688213d4,docs/art-source/one-frame-method-fullrun-20260724/ferret-albino-set00-oneframe-62/oneframe-coat-00-07-20260724/frames/frame-01.png,5cca00bdd1609027c1eaf69ed18e39beebbff7a07ab67a2ab4b1d40c688213d4,docs/art-source/ferret-albino/motion-source/accepted-frames/set00/frame-01.png,5cca00bdd1609027c1eaf69ed18e39beebbff7a07ab67a2ab4b1d40c688213d4,true,docs/art-source/one-frame-method-fullrun-20260724/ferret-albino-set00-oneframe-62/oneframe-coat-00-07-20260724/attempts/frame-01/a01/verdict.json,docs/art-source/ferret-albino/motion-source/qa/parent-verdict-set00.md
02,idle,a02,docs/art-source/one-frame-method-fullrun-20260724/ferret-albino-set00-oneframe-62/oneframe-coat-00-07-20260724,E:/Development/AnimalDesktop-asset-archives/20260724-ferret-three-variants/ferret-albino-set00-oneframe-62/oneframe-coat-00-07-20260724,docs/art-source/one-frame-method-fullrun-20260724/ferret-albino-set00-oneframe-62/oneframe-coat-00-07-20260724/attempts/frame-02/a02/prompt.txt,db3117b08dcc71c67de2fbdf32dd8fb8a893b01a35ff295045b0dbfc56a16c47,C:/Users/User/.codex/generated_images/019f90f4-29ad-79d1-a72d-f5e73c495bc8/call_w9FJ0BmmXSEIHUjjj2LXizIz.png,db161368e4eb662f61d847e0774a7db9a47645a7903c39c45e16230a1e27b8ab,docs/art-source/one-frame-method-fullrun-20260724/ferret-albino-set00-oneframe-62/oneframe-coat-00-07-20260724/attempts/frame-02/a02/raw/frame-02.png,db161368e4eb662f61d847e0774a7db9a47645a7903c39c45e16230a1e27b8ab,docs/art-source/one-frame-method-fullrun-20260724/ferret-albino-set00-oneframe-62/oneframe-coat-00-07-20260724/attempts/frame-02/a02/alpha/frame-02.png,71f014281893a5438722ca3dfff0ca5a8537ece84a78e81fe0893557d5fb33ca,docs/art-source/one-frame-method-fullrun-20260724/ferret-albino-set00-oneframe-62/oneframe-coat-00-07-20260724/frames/frame-02.png,71f014281893a5438722ca3dfff0ca5a8537ece84a78e81fe0893557d5fb33ca,docs/art-source/ferret-albino/motion-source/accepted-frames/set00/frame-02.png,71f014281893a5438722ca3dfff0ca5a8537ece84a78e81fe0893557d5fb33ca,true,docs/art-source/one-frame-method-fullrun-20260724/ferret-albino-set00-oneframe-62/oneframe-coat-00-07-20260724/attempts/frame-02/a02/verdict.json,docs/art-source/ferret-albino/motion-source/qa/parent-verdict-set00.md
03,idle,a01,docs/art-source/one-frame-method-fullrun-20260724/ferret-albino-set00-oneframe-62/oneframe-coat-00-07-20260724,E:/Development/AnimalDesktop-asset-archives/20260724-ferret-three-variants/ferret-albino-set00-oneframe-62/oneframe-coat-00-07-20260724,docs/art-source/one-frame-method-fullrun-20260724/ferret-albino-set00-oneframe-62/oneframe-coat-00-07-20260724/attempts/frame-03/a01/prompt.txt,230ce81927c1ec272535c5fe062bf19262224a2f56e87ab710389712f408c830,C:/Users/User/.codex/generated_images/019f90f4-29ad-79d1-a72d-f5e73c495bc8/call_c4ZbCl39AhsidQ4o9ozurxdk.png,7ae056cf90ac7a577c5d982a90d1489b758864671662decd9bde037b2fba1242,docs/art-source/one-frame-method-fullrun-20260724/ferret-albino-set00-oneframe-62/oneframe-coat-00-07-20260724/attempts/frame-03/a01/raw/frame-03.png,7ae056cf90ac7a577c5d982a90d1489b758864671662decd9bde037b2fba1242,docs/art-source/one-frame-method-fullrun-20260724/ferret-albino-set00-oneframe-62/oneframe-coat-00-07-20260724/attempts/frame-03/a01/alpha/frame-03.png,e5e42ad5e347401a570412670453a763f0ef9ba4d4a6e253ee24577e41da4317,docs/art-source/one-frame-method-fullrun-20260724/ferret-albino-set00-oneframe-62/oneframe-coat-00-07-20260724/frames/frame-03.png,e5e42ad5e347401a570412670453a763f0ef9ba4d4a6e253ee24577e41da4317,docs/art-source/ferret-albino/motion-source/accepted-frames/set00/frame-03.png,e5e42ad5e347401a570412670453a763f0ef9ba4d4a6e253ee24577e41da4317,true,docs/art-source/one-frame-method-fullrun-20260724/ferret-albino-set00-oneframe-62/oneframe-coat-00-07-20260724/attempts/frame-03/a01/verdict.json,docs/art-source/ferret-albino/motion-source/qa/parent-verdict-set00.md
04,low_slink,a01,docs/art-source/one-frame-method-fullrun-20260724/ferret-albino-set00-oneframe-62/oneframe-coat-00-07-20260724,E:/Development/AnimalDesktop-asset-archives/20260724-ferret-three-variants/ferret-albino-set00-oneframe-62/oneframe-coat-00-07-20260724,docs/art-source/one-frame-method-fullrun-20260724/ferret-albino-set00-oneframe-62/oneframe-coat-00-07-20260724/attempts/frame-04/a01/prompt.txt,205f25b24348d5651f288396d41e6f2460ab51a5ad8434835a8af2d9072ce567,C:/Users/User/.codex/generated_images/019f90f4-29ad-79d1-a72d-f5e73c495bc8/call_XMqlk2Jry9trBf6VHIktwzZy.png,9b14455b6d99ece4d8ec4840c2b7eda5518deb8ab9d0701cc133067c3b0fae69,docs/art-source/one-frame-method-fullrun-20260724/ferret-albino-set00-oneframe-62/oneframe-coat-00-07-20260724/attempts/frame-04/a01/raw/frame-04.png,9b14455b6d99ece4d8ec4840c2b7eda5518deb8ab9d0701cc133067c3b0fae69,docs/art-source/one-frame-method-fullrun-20260724/ferret-albino-set00-oneframe-62/oneframe-coat-00-07-20260724/attempts/frame-04/a01/alpha/frame-04.png,0a2f09697ace66fb851de4b186790158bd58fbe195ff599baea79fba5f53a6a6,docs/art-source/one-frame-method-fullrun-20260724/ferret-albino-set00-oneframe-62/oneframe-coat-00-07-20260724/frames/frame-04.png,0a2f09697ace66fb851de4b186790158bd58fbe195ff599baea79fba5f53a6a6,docs/art-source/ferret-albino/motion-source/accepted-frames/set00/frame-04.png,0a2f09697ace66fb851de4b186790158bd58fbe195ff599baea79fba5f53a6a6,true,docs/art-source/one-frame-method-fullrun-20260724/ferret-albino-set00-oneframe-62/oneframe-coat-00-07-20260724/attempts/frame-04/a01/verdict.json,docs/art-source/ferret-albino/motion-source/qa/parent-verdict-set00.md
05,low_slink,a01,docs/art-source/one-frame-method-fullrun-20260724/ferret-albino-set00-oneframe-62/oneframe-coat-00-07-20260724,E:/Development/AnimalDesktop-asset-archives/20260724-ferret-three-variants/ferret-albino-set00-oneframe-62/oneframe-coat-00-07-20260724,docs/art-source/one-frame-method-fullrun-20260724/ferret-albino-set00-oneframe-62/oneframe-coat-00-07-20260724/attempts/frame-05/a01/prompt.txt,15c2e6f15604d91ac61eb37b10bee2763ba2d36f1319617efff0edc104ebe0be,C:/Users/User/.codex/generated_images/019f90f4-29ad-79d1-a72d-f5e73c495bc8/call_TqGpMN5zfs8f1ujt9QTVWR5H.png,f08e790c0e2ec19312279b821752721afe899ccc15fa5437aec73b0627ceaf7e,docs/art-source/one-frame-method-fullrun-20260724/ferret-albino-set00-oneframe-62/oneframe-coat-00-07-20260724/attempts/frame-05/a01/raw/frame-05.png,f08e790c0e2ec19312279b821752721afe899ccc15fa5437aec73b0627ceaf7e,docs/art-source/one-frame-method-fullrun-20260724/ferret-albino-set00-oneframe-62/oneframe-coat-00-07-20260724/attempts/frame-05/a01/alpha/frame-05.png,095fb400b9c647cc4483d60fd16d967dcd89769b1a633fdca69c69974aadd6d3,docs/art-source/one-frame-method-fullrun-20260724/ferret-albino-set00-oneframe-62/oneframe-coat-00-07-20260724/frames/frame-05.png,095fb400b9c647cc4483d60fd16d967dcd89769b1a633fdca69c69974aadd6d3,docs/art-source/ferret-albino/motion-source/accepted-frames/set00/frame-05.png,095fb400b9c647cc4483d60fd16d967dcd89769b1a633fdca69c69974aadd6d3,true,docs/art-source/one-frame-method-fullrun-20260724/ferret-albino-set00-oneframe-62/oneframe-coat-00-07-20260724/attempts/frame-05/a01/verdict.json,docs/art-source/ferret-albino/motion-source/qa/parent-verdict-set00.md
06,low_slink,a01,docs/art-source/one-frame-method-fullrun-20260724/ferret-albino-set00-oneframe-62/oneframe-coat-00-07-20260724,E:/Development/AnimalDesktop-asset-archives/20260724-ferret-three-variants/ferret-albino-set00-oneframe-62/oneframe-coat-00-07-20260724,docs/art-source/one-frame-method-fullrun-20260724/ferret-albino-set00-oneframe-62/oneframe-coat-00-07-20260724/attempts/frame-06/a01/prompt.txt,4773c54eccbb34758a39de4ab56b7066959f98769a6f12eb9ae06a3eb6ff2709,C:/Users/User/.codex/generated_images/019f90f4-29ad-79d1-a72d-f5e73c495bc8/call_Nfq6pj9b4FV6jFFTiQNO2GQA.png,7318d2c013a401f82fe421b22460bc742d4f5ce989099d0d4758ebc5e7e490ae,docs/art-source/one-frame-method-fullrun-20260724/ferret-albino-set00-oneframe-62/oneframe-coat-00-07-20260724/attempts/frame-06/a01/raw/frame-06.png,7318d2c013a401f82fe421b22460bc742d4f5ce989099d0d4758ebc5e7e490ae,docs/art-source/one-frame-method-fullrun-20260724/ferret-albino-set00-oneframe-62/oneframe-coat-00-07-20260724/attempts/frame-06/a01/alpha/frame-06.png,71bb4268822cec714eea355130ecb2d6a4e20609bf8467aa77bbe0c09fba5e22,docs/art-source/one-frame-method-fullrun-20260724/ferret-albino-set00-oneframe-62/oneframe-coat-00-07-20260724/frames/frame-06.png,71bb4268822cec714eea355130ecb2d6a4e20609bf8467aa77bbe0c09fba5e22,docs/art-source/ferret-albino/motion-source/accepted-frames/set00/frame-06.png,71bb4268822cec714eea355130ecb2d6a4e20609bf8467aa77bbe0c09fba5e22,true,docs/art-source/one-frame-method-fullrun-20260724/ferret-albino-set00-oneframe-62/oneframe-coat-00-07-20260724/attempts/frame-06/a01/verdict.json,docs/art-source/ferret-albino/motion-source/qa/parent-verdict-set00.md
07,low_slink,a01,docs/art-source/one-frame-method-fullrun-20260724/ferret-albino-set00-oneframe-62/oneframe-coat-00-07-20260724,E:/Development/AnimalDesktop-asset-archives/20260724-ferret-three-variants/ferret-albino-set00-oneframe-62/oneframe-coat-00-07-20260724,docs/art-source/one-frame-method-fullrun-20260724/ferret-albino-set00-oneframe-62/oneframe-coat-00-07-20260724/attempts/frame-07/a01/prompt.txt,3e69953f543eab0506d317754684ab2e2acac44e77daacb3cee612e0073c169f,C:/Users/User/.codex/generated_images/019f90f4-29ad-79d1-a72d-f5e73c495bc8/call_GMngEMSsgV9Kf2OnVeigHYF4.png,48d2d10ebf0ba96f4ab493004be78bdc2cd1cbd6f1298bc06987b4691ada07ca,docs/art-source/one-frame-method-fullrun-20260724/ferret-albino-set00-oneframe-62/oneframe-coat-00-07-20260724/attempts/frame-07/a01/raw/frame-07.png,48d2d10ebf0ba96f4ab493004be78bdc2cd1cbd6f1298bc06987b4691ada07ca,docs/art-source/one-frame-method-fullrun-20260724/ferret-albino-set00-oneframe-62/oneframe-coat-00-07-20260724/attempts/frame-07/a01/alpha/frame-07.png,4a29cc3390e48cec47e8ec2d054bf923d5c96e7495871fedfd6c23d2d61b3ebe,docs/art-source/one-frame-method-fullrun-20260724/ferret-albino-set00-oneframe-62/oneframe-coat-00-07-20260724/frames/frame-07.png,4a29cc3390e48cec47e8ec2d054bf923d5c96e7495871fedfd6c23d2d61b3ebe,docs/art-source/ferret-albino/motion-source/accepted-frames/set00/frame-07.png,4a29cc3390e48cec47e8ec2d054bf923d5c96e7495871fedfd6c23d2d61b3ebe,true,docs/art-source/one-frame-method-fullrun-20260724/ferret-albino-set00-oneframe-62/oneframe-coat-00-07-20260724/attempts/frame-07/a01/verdict.json,docs/art-source/ferret-albino/motion-source/qa/parent-verdict-set00.md
08,low_slink,a01,docs/art-source/one-frame-method-fullrun-20260724/ferret-albino-set00-oneframe-62/oneframe-coat-08-15-20260725,E:/Development/AnimalDesktop-asset-archives/20260724-ferret-three-variants/ferret-albino-set00-oneframe-62/oneframe-coat-08-15-20260725,docs/art-source/one-frame-method-fullrun-20260724/ferret-albino-set00-oneframe-62/oneframe-coat-08-15-20260725/attempts/frame-08/a01/prompt.txt,659b8141aaea8f7509fcdfe1c781c1e6dbf85a7892c573c9dd77e21cf34380a7,C:/Users/User/.codex/generated_images/019f90f4-29ad-79d1-a72d-f5e73c495bc8/call_PdrY12smPiYp6fCnmaXjMUF2.png,192cbac837afa0519a1bcfbfeab46a3f98d3bc8fd4b28b23d12e9061756cd8b1,docs/art-source/one-frame-method-fullrun-20260724/ferret-albino-set00-oneframe-62/oneframe-coat-08-15-20260725/attempts/frame-08/a01/raw/frame-08.png,192cbac837afa0519a1bcfbfeab46a3f98d3bc8fd4b28b23d12e9061756cd8b1,docs/art-source/one-frame-method-fullrun-20260724/ferret-albino-set00-oneframe-62/oneframe-coat-08-15-20260725/attempts/frame-08/a01/alpha/frame-08.png,e7c8f7b6a2d1a008e70eb4aa3232c8314d8f07a775159c2e4e5495c8a14acda8,docs/art-source/one-frame-method-fullrun-20260724/ferret-albino-set00-oneframe-62/oneframe-coat-08-15-20260725/frames/frame-08.png,e7c8f7b6a2d1a008e70eb4aa3232c8314d8f07a775159c2e4e5495c8a14acda8,docs/art-source/ferret-albino/motion-source/accepted-frames/set00/frame-08.png,e7c8f7b6a2d1a008e70eb4aa3232c8314d8f07a775159c2e4e5495c8a14acda8,true,docs/art-source/one-frame-method-fullrun-20260724/ferret-albino-set00-oneframe-62/oneframe-coat-08-15-20260725/attempts/frame-08/a01/verdict.json,docs/art-source/ferret-albino/motion-source/qa/parent-verdict-set00.md
09,low_slink,a01,docs/art-source/one-frame-method-fullrun-20260724/ferret-albino-set00-oneframe-62/oneframe-coat-08-15-20260725,E:/Development/AnimalDesktop-asset-archives/20260724-ferret-three-variants/ferret-albino-set00-oneframe-62/oneframe-coat-08-15-20260725,docs/art-source/one-frame-method-fullrun-20260724/ferret-albino-set00-oneframe-62/oneframe-coat-08-15-20260725/attempts/frame-09/a01/prompt.txt,4fd86a86b22536f38090bf03d4a9eff2af3c894fe71a076ac9611f9738cb3caa,C:/Users/User/.codex/generated_images/019f90f4-29ad-79d1-a72d-f5e73c495bc8/call_nwLWPKYpaCZRf8vUBKY2yxXi.png,4267a0990c20bc90133490fddee4cdbf5d7e2f5145620880fd4fd39e3951dec0,docs/art-source/one-frame-method-fullrun-20260724/ferret-albino-set00-oneframe-62/oneframe-coat-08-15-20260725/attempts/frame-09/a01/raw/frame-09.png,4267a0990c20bc90133490fddee4cdbf5d7e2f5145620880fd4fd39e3951dec0,docs/art-source/one-frame-method-fullrun-20260724/ferret-albino-set00-oneframe-62/oneframe-coat-08-15-20260725/attempts/frame-09/a01/alpha/frame-09.png,7e7818f439605e4fcea7d06cdb1f24ecd00714176a4e66128691749905755f53,docs/art-source/one-frame-method-fullrun-20260724/ferret-albino-set00-oneframe-62/oneframe-coat-08-15-20260725/frames/frame-09.png,7e7818f439605e4fcea7d06cdb1f24ecd00714176a4e66128691749905755f53,docs/art-source/ferret-albino/motion-source/accepted-frames/set00/frame-09.png,7e7818f439605e4fcea7d06cdb1f24ecd00714176a4e66128691749905755f53,true,docs/art-source/one-frame-method-fullrun-20260724/ferret-albino-set00-oneframe-62/oneframe-coat-08-15-20260725/attempts/frame-09/a01/verdict.json,docs/art-source/ferret-albino/motion-source/qa/parent-verdict-set00.md
10,low_slink,a01,docs/art-source/one-frame-method-fullrun-20260724/ferret-albino-set00-oneframe-62/oneframe-coat-08-15-20260725,E:/Development/AnimalDesktop-asset-archives/20260724-ferret-three-variants/ferret-albino-set00-oneframe-62/oneframe-coat-08-15-20260725,docs/art-source/one-frame-method-fullrun-20260724/ferret-albino-set00-oneframe-62/oneframe-coat-08-15-20260725/attempts/frame-10/a01/prompt.txt,3bf52b9d124ae63676fd176e3da5c6bb6740bc276bf9d0c7c480200b14270f28,C:/Users/User/.codex/generated_images/019f90f4-29ad-79d1-a72d-f5e73c495bc8/call_oYqQSWxbklHT5XCx41rjHOAV.png,e79704c43ebc87e7059b11a6880ee2b4ba6868abd27b9ada2a9692e8ee304713,docs/art-source/one-frame-method-fullrun-20260724/ferret-albino-set00-oneframe-62/oneframe-coat-08-15-20260725/attempts/frame-10/a01/raw/frame-10.png,e79704c43ebc87e7059b11a6880ee2b4ba6868abd27b9ada2a9692e8ee304713,docs/art-source/one-frame-method-fullrun-20260724/ferret-albino-set00-oneframe-62/oneframe-coat-08-15-20260725/attempts/frame-10/a01/alpha/frame-10.png,bb594b5dc00f9cac7817e8f9dc260deb70d18b5da7dd9089f810c25ad47dc9de,docs/art-source/one-frame-method-fullrun-20260724/ferret-albino-set00-oneframe-62/oneframe-coat-08-15-20260725/frames/frame-10.png,bb594b5dc00f9cac7817e8f9dc260deb70d18b5da7dd9089f810c25ad47dc9de,docs/art-source/ferret-albino/motion-source/accepted-frames/set00/frame-10.png,bb594b5dc00f9cac7817e8f9dc260deb70d18b5da7dd9089f810c25ad47dc9de,true,docs/art-source/one-frame-method-fullrun-20260724/ferret-albino-set00-oneframe-62/oneframe-coat-08-15-20260725/attempts/frame-10/a01/verdict.json,docs/art-source/ferret-albino/motion-source/qa/parent-verdict-set00.md
11,low_slink,a01,docs/art-source/one-frame-method-fullrun-20260724/ferret-albino-set00-oneframe-62/oneframe-coat-08-15-20260725,E:/Development/AnimalDesktop-asset-archives/20260724-ferret-three-variants/ferret-albino-set00-oneframe-62/oneframe-coat-08-15-20260725,docs/art-source/one-frame-method-fullrun-20260724/ferret-albino-set00-oneframe-62/oneframe-coat-08-15-20260725/attempts/frame-11/a01/prompt.txt,9bf69913f21636809988e7c7624352bc76b52c166ce81ab3f170c0f3df4cefed,C:/Users/User/.codex/generated_images/019f90f4-29ad-79d1-a72d-f5e73c495bc8/call_UtcU1hcuqRfu0XdjvDEVsQSA.png,1ea9bdd3914260abef01faa840124f5283fbf9306762582f1583f0d9d19ee9a9,docs/art-source/one-frame-method-fullrun-20260724/ferret-albino-set00-oneframe-62/oneframe-coat-08-15-20260725/attempts/frame-11/a01/raw/frame-11.png,1ea9bdd3914260abef01faa840124f5283fbf9306762582f1583f0d9d19ee9a9,docs/art-source/one-frame-method-fullrun-20260724/ferret-albino-set00-oneframe-62/oneframe-coat-08-15-20260725/attempts/frame-11/a01/alpha/frame-11.png,508d2874fb7a6f642f3dcb38d3fb045eb4baa7259a80a3eccf070ba9b8716285,docs/art-source/one-frame-method-fullrun-20260724/ferret-albino-set00-oneframe-62/oneframe-coat-08-15-20260725/frames/frame-11.png,508d2874fb7a6f642f3dcb38d3fb045eb4baa7259a80a3eccf070ba9b8716285,docs/art-source/ferret-albino/motion-source/accepted-frames/set00/frame-11.png,508d2874fb7a6f642f3dcb38d3fb045eb4baa7259a80a3eccf070ba9b8716285,true,docs/art-source/one-frame-method-fullrun-20260724/ferret-albino-set00-oneframe-62/oneframe-coat-08-15-20260725/attempts/frame-11/a01/verdict.json,docs/art-source/ferret-albino/motion-source/qa/parent-verdict-set00.md
12,scurry,a02,docs/art-source/one-frame-method-fullrun-20260724/ferret-albino-set00-oneframe-62/oneframe-coat-08-15-20260725,E:/Development/AnimalDesktop-asset-archives/20260724-ferret-three-variants/ferret-albino-set00-oneframe-62/oneframe-coat-08-15-20260725,docs/art-source/one-frame-method-fullrun-20260724/ferret-albino-set00-oneframe-62/oneframe-coat-08-15-20260725/attempts/frame-12/a02/prompt.txt,49350a6286f335e5e68cabfd418dbe8386322d64d5925b811a2b7f0240101226,C:/Users/User/.codex/generated_images/019f90f4-29ad-79d1-a72d-f5e73c495bc8/call_ShzAl8EHtCg04konb3mSriD5.png,68719c25f050f564715a9d77ff594d82159ff3904d648a38b9fa88bca214da21,docs/art-source/one-frame-method-fullrun-20260724/ferret-albino-set00-oneframe-62/oneframe-coat-08-15-20260725/attempts/frame-12/a02/raw/frame-12.png,68719c25f050f564715a9d77ff594d82159ff3904d648a38b9fa88bca214da21,docs/art-source/one-frame-method-fullrun-20260724/ferret-albino-set00-oneframe-62/oneframe-coat-08-15-20260725/attempts/frame-12/a02/alpha/frame-12.png,0d099b99dbc788f7dbdf3b3e8d413b3b5504fde7afa1c904d6a9e6fff7978226,docs/art-source/one-frame-method-fullrun-20260724/ferret-albino-set00-oneframe-62/oneframe-coat-08-15-20260725/frames/frame-12.png,0d099b99dbc788f7dbdf3b3e8d413b3b5504fde7afa1c904d6a9e6fff7978226,docs/art-source/ferret-albino/motion-source/accepted-frames/set00/frame-12.png,0d099b99dbc788f7dbdf3b3e8d413b3b5504fde7afa1c904d6a9e6fff7978226,true,docs/art-source/one-frame-method-fullrun-20260724/ferret-albino-set00-oneframe-62/oneframe-coat-08-15-20260725/attempts/frame-12/a02/verdict.json,docs/art-source/ferret-albino/motion-source/qa/parent-verdict-set00.md
13,scurry,a01,docs/art-source/one-frame-method-fullrun-20260724/ferret-albino-set00-oneframe-62/oneframe-coat-08-15-20260725,E:/Development/AnimalDesktop-asset-archives/20260724-ferret-three-variants/ferret-albino-set00-oneframe-62/oneframe-coat-08-15-20260725,docs/art-source/one-frame-method-fullrun-20260724/ferret-albino-set00-oneframe-62/oneframe-coat-08-15-20260725/attempts/frame-13/a01/prompt.txt,ebb3823a2b46501b8c1f2da61c6c4668f19e0d459f6d29c17ad0f712f02331a0,C:/Users/User/.codex/generated_images/019f90f4-29ad-79d1-a72d-f5e73c495bc8/call_9Gx7QvZbj1nfjjtqbvY11mVq.png,cbeb68432d3dfb6a6a74e296ddadc3ae2da91bf7ab2f17e6e4225e282dc3c943,docs/art-source/one-frame-method-fullrun-20260724/ferret-albino-set00-oneframe-62/oneframe-coat-08-15-20260725/attempts/frame-13/a01/raw/frame-13.png,cbeb68432d3dfb6a6a74e296ddadc3ae2da91bf7ab2f17e6e4225e282dc3c943,docs/art-source/one-frame-method-fullrun-20260724/ferret-albino-set00-oneframe-62/oneframe-coat-08-15-20260725/attempts/frame-13/a01/alpha/frame-13.png,e96fcc67d5838e11dde06d9f5a25711afed06136bde9c22e6797a025198c8e07,docs/art-source/one-frame-method-fullrun-20260724/ferret-albino-set00-oneframe-62/oneframe-coat-08-15-20260725/frames/frame-13.png,e96fcc67d5838e11dde06d9f5a25711afed06136bde9c22e6797a025198c8e07,docs/art-source/ferret-albino/motion-source/accepted-frames/set00/frame-13.png,e96fcc67d5838e11dde06d9f5a25711afed06136bde9c22e6797a025198c8e07,true,docs/art-source/one-frame-method-fullrun-20260724/ferret-albino-set00-oneframe-62/oneframe-coat-08-15-20260725/attempts/frame-13/a01/verdict.json,docs/art-source/ferret-albino/motion-source/qa/parent-verdict-set00.md
14,scurry,a01,docs/art-source/one-frame-method-fullrun-20260724/ferret-albino-set00-oneframe-62/oneframe-coat-08-15-20260725,E:/Development/AnimalDesktop-asset-archives/20260724-ferret-three-variants/ferret-albino-set00-oneframe-62/oneframe-coat-08-15-20260725,docs/art-source/one-frame-method-fullrun-20260724/ferret-albino-set00-oneframe-62/oneframe-coat-08-15-20260725/attempts/frame-14/a01/prompt.txt,bd6463de168002a00f646c5d6b0f1aed3d5dbb65a2d048a94073b6406365f190,C:/Users/User/.codex/generated_images/019f90f4-29ad-79d1-a72d-f5e73c495bc8/call_KkueLSKWB9Lv204e19mW1ykG.png,530c21ae12a54f9def8644b78e7a2a55cee99179f188a9f9edb2d6d3fa74f3d2,docs/art-source/one-frame-method-fullrun-20260724/ferret-albino-set00-oneframe-62/oneframe-coat-08-15-20260725/attempts/frame-14/a01/raw/frame-14.png,530c21ae12a54f9def8644b78e7a2a55cee99179f188a9f9edb2d6d3fa74f3d2,docs/art-source/one-frame-method-fullrun-20260724/ferret-albino-set00-oneframe-62/oneframe-coat-08-15-20260725/attempts/frame-14/a01/alpha/frame-14.png,1f76e2afd6980d8281db37ad4c8f9561d5c49a4ad3aaa46085636b80b7dae987,docs/art-source/one-frame-method-fullrun-20260724/ferret-albino-set00-oneframe-62/oneframe-coat-08-15-20260725/frames/frame-14.png,1f76e2afd6980d8281db37ad4c8f9561d5c49a4ad3aaa46085636b80b7dae987,docs/art-source/ferret-albino/motion-source/accepted-frames/set00/frame-14.png,1f76e2afd6980d8281db37ad4c8f9561d5c49a4ad3aaa46085636b80b7dae987,true,docs/art-source/one-frame-method-fullrun-20260724/ferret-albino-set00-oneframe-62/oneframe-coat-08-15-20260725/attempts/frame-14/a01/verdict.json,docs/art-source/ferret-albino/motion-source/qa/parent-verdict-set00.md
15,scurry,a01,docs/art-source/one-frame-method-fullrun-20260724/ferret-albino-set00-oneframe-62/oneframe-coat-08-15-20260725,E:/Development/AnimalDesktop-asset-archives/20260724-ferret-three-variants/ferret-albino-set00-oneframe-62/oneframe-coat-08-15-20260725,docs/art-source/one-frame-method-fullrun-20260724/ferret-albino-set00-oneframe-62/oneframe-coat-08-15-20260725/attempts/frame-15/a01/prompt.txt,8f50bb452dca771e8b1659d8ef9042dd7df39c842cc534ecbaa284d58b8c84fa,C:/Users/User/.codex/generated_images/019f90f4-29ad-79d1-a72d-f5e73c495bc8/call_1RqOHlLwu9IQTWtzdLdbxNqf.png,085a73a65e0db118b1b641912d4ae806e4e4639119d70b323aae7048244e4df6,docs/art-source/one-frame-method-fullrun-20260724/ferret-albino-set00-oneframe-62/oneframe-coat-08-15-20260725/attempts/frame-15/a01/raw/frame-15.png,085a73a65e0db118b1b641912d4ae806e4e4639119d70b323aae7048244e4df6,docs/art-source/one-frame-method-fullrun-20260724/ferret-albino-set00-oneframe-62/oneframe-coat-08-15-20260725/attempts/frame-15/a01/alpha/frame-15.png,a8c0e3364befa3e130a6469a62687a3476d848497c38d9493e93f5189b120ccd,docs/art-source/one-frame-method-fullrun-20260724/ferret-albino-set00-oneframe-62/oneframe-coat-08-15-20260725/frames/frame-15.png,a8c0e3364befa3e130a6469a62687a3476d848497c38d9493e93f5189b120ccd,docs/art-source/ferret-albino/motion-source/accepted-frames/set00/frame-15.png,a8c0e3364befa3e130a6469a62687a3476d848497c38d9493e93f5189b120ccd,true,docs/art-source/one-frame-method-fullrun-20260724/ferret-albino-set00-oneframe-62/oneframe-coat-08-15-20260725/attempts/frame-15/a01/verdict.json,docs/art-source/ferret-albino/motion-source/qa/parent-verdict-set00.md
16,scurry,a01,docs/art-source/one-frame-method-fullrun-20260724/ferret-albino-set00-oneframe-62/oneframe-coat-16-23-20260725,E:/Development/AnimalDesktop-asset-archives/20260724-ferret-three-variants/ferret-albino-set00-oneframe-62/oneframe-coat-16-23-20260725,docs/art-source/one-frame-method-fullrun-20260724/ferret-albino-set00-oneframe-62/oneframe-coat-16-23-20260725/attempts/frame-16/a01/prompt.txt,515c4fc40547e918dbb3c444de023533a6a529beee5fd52873b545c94300ae88,C:/Users/User/.codex/generated_images/019f90f4-29ad-79d1-a72d-f5e73c495bc8/call_rqnbo8W1EuCWhNBsXDMaZZD8.png,81da78d9568e81603d476d3dbefba2302cdf78c688b3bb3c46ebb4504a37fc00,docs/art-source/one-frame-method-fullrun-20260724/ferret-albino-set00-oneframe-62/oneframe-coat-16-23-20260725/attempts/frame-16/a01/raw/frame-16.png,81da78d9568e81603d476d3dbefba2302cdf78c688b3bb3c46ebb4504a37fc00,docs/art-source/one-frame-method-fullrun-20260724/ferret-albino-set00-oneframe-62/oneframe-coat-16-23-20260725/attempts/frame-16/a01/alpha/frame-16.png,58bd2a46d6cdfb192625f39fe1e45e3004578afc8c733092d84fb3ed1a342c0a,docs/art-source/one-frame-method-fullrun-20260724/ferret-albino-set00-oneframe-62/oneframe-coat-16-23-20260725/frames/frame-16.png,58bd2a46d6cdfb192625f39fe1e45e3004578afc8c733092d84fb3ed1a342c0a,docs/art-source/ferret-albino/motion-source/accepted-frames/set00/frame-16.png,58bd2a46d6cdfb192625f39fe1e45e3004578afc8c733092d84fb3ed1a342c0a,true,docs/art-source/one-frame-method-fullrun-20260724/ferret-albino-set00-oneframe-62/oneframe-coat-16-23-20260725/attempts/frame-16/a01/verdict.json,docs/art-source/ferret-albino/motion-source/qa/parent-verdict-set00.md
17,scurry,a03,docs/art-source/one-frame-method-fullrun-20260724/ferret-albino-set00-oneframe-62/oneframe-coat-16-23-20260725,E:/Development/AnimalDesktop-asset-archives/20260724-ferret-three-variants/ferret-albino-set00-oneframe-62/oneframe-coat-16-23-20260725,docs/art-source/one-frame-method-fullrun-20260724/ferret-albino-set00-oneframe-62/oneframe-coat-16-23-20260725/attempts/frame-17/a03/prompt.txt,1715a1372cd7f6d301c96f5b995a0ba49792f90262c076c44eb5856fe2318b62,C:/Users/User/.codex/generated_images/019f90f4-29ad-79d1-a72d-f5e73c495bc8/call_XJk3RtB20lV18l1ePzcd0hh2.png,5b71f04e995cef4ca41d851b40daf24a3742b12cde4809e1d009c99a1765642b,docs/art-source/one-frame-method-fullrun-20260724/ferret-albino-set00-oneframe-62/oneframe-coat-16-23-20260725/attempts/frame-17/a03/raw/frame-17.png,5b71f04e995cef4ca41d851b40daf24a3742b12cde4809e1d009c99a1765642b,docs/art-source/one-frame-method-fullrun-20260724/ferret-albino-set00-oneframe-62/oneframe-coat-16-23-20260725/attempts/frame-17/a03/alpha/frame-17.png,a6c2cb35517e691d686b8f5a166aea37b2fa07ad9f22ab34d39555c5d1639240,docs/art-source/one-frame-method-fullrun-20260724/ferret-albino-set00-oneframe-62/oneframe-coat-16-23-20260725/frames/frame-17.png,a6c2cb35517e691d686b8f5a166aea37b2fa07ad9f22ab34d39555c5d1639240,docs/art-source/ferret-albino/motion-source/accepted-frames/set00/frame-17.png,a6c2cb35517e691d686b8f5a166aea37b2fa07ad9f22ab34d39555c5d1639240,true,docs/art-source/one-frame-method-fullrun-20260724/ferret-albino-set00-oneframe-62/oneframe-coat-16-23-20260725/attempts/frame-17/a03/verdict.json,docs/art-source/ferret-albino/motion-source/qa/parent-verdict-set00.md
18,scurry,a01,docs/art-source/one-frame-method-fullrun-20260724/ferret-albino-set00-oneframe-62/oneframe-coat-16-23-20260725,E:/Development/AnimalDesktop-asset-archives/20260724-ferret-three-variants/ferret-albino-set00-oneframe-62/oneframe-coat-16-23-20260725,docs/art-source/one-frame-method-fullrun-20260724/ferret-albino-set00-oneframe-62/oneframe-coat-16-23-20260725/attempts/frame-18/a01/prompt.txt,fa54f5e3dddf5ecf9cd0214dec722d349f1dfa9e9fe778983af936a57ac595ff,C:/Users/User/.codex/generated_images/019f90f4-29ad-79d1-a72d-f5e73c495bc8/call_7oyDFNtSRg4ZwONy9HGXct0Y.png,d416ebf61ee4c95b85ae76e5c0a28aef426772295dbc587e65943086b28b27f4,docs/art-source/one-frame-method-fullrun-20260724/ferret-albino-set00-oneframe-62/oneframe-coat-16-23-20260725/attempts/frame-18/a01/raw/frame-18.png,d416ebf61ee4c95b85ae76e5c0a28aef426772295dbc587e65943086b28b27f4,docs/art-source/one-frame-method-fullrun-20260724/ferret-albino-set00-oneframe-62/oneframe-coat-16-23-20260725/attempts/frame-18/a01/alpha/frame-18.png,f99fd087d10bf5bb32b1c8394f86549e1cee9a6eb10b3d5b74fcf4671c2eebb8,docs/art-source/one-frame-method-fullrun-20260724/ferret-albino-set00-oneframe-62/oneframe-coat-16-23-20260725/frames/frame-18.png,f99fd087d10bf5bb32b1c8394f86549e1cee9a6eb10b3d5b74fcf4671c2eebb8,docs/art-source/ferret-albino/motion-source/accepted-frames/set00/frame-18.png,f99fd087d10bf5bb32b1c8394f86549e1cee9a6eb10b3d5b74fcf4671c2eebb8,true,docs/art-source/one-frame-method-fullrun-20260724/ferret-albino-set00-oneframe-62/oneframe-coat-16-23-20260725/attempts/frame-18/a01/verdict.json,docs/art-source/ferret-albino/motion-source/qa/parent-verdict-set00.md
19,scurry,a01,docs/art-source/one-frame-method-fullrun-20260724/ferret-albino-set00-oneframe-62/oneframe-coat-16-23-20260725,E:/Development/AnimalDesktop-asset-archives/20260724-ferret-three-variants/ferret-albino-set00-oneframe-62/oneframe-coat-16-23-20260725,docs/art-source/one-frame-method-fullrun-20260724/ferret-albino-set00-oneframe-62/oneframe-coat-16-23-20260725/attempts/frame-19/a01/prompt.txt,3ea4606ac438f5855eb3f9452a70bca95c2ba99a0276b6567c3c095a9fa24ab1,C:/Users/User/.codex/generated_images/019f90f4-29ad-79d1-a72d-f5e73c495bc8/call_5NXybLjggN87upl9HILJNVCT.png,f3a0a3b1492dcc348dfc0d8cd0faedfe2e6d2b3acf86cde6c53a385e9654d312,docs/art-source/one-frame-method-fullrun-20260724/ferret-albino-set00-oneframe-62/oneframe-coat-16-23-20260725/attempts/frame-19/a01/raw/frame-19.png,f3a0a3b1492dcc348dfc0d8cd0faedfe2e6d2b3acf86cde6c53a385e9654d312,docs/art-source/one-frame-method-fullrun-20260724/ferret-albino-set00-oneframe-62/oneframe-coat-16-23-20260725/attempts/frame-19/a01/alpha/frame-19.png,fc930f624a7d4f522da8e545e8b9c09846337144f2b699462e7d9946a4997b72,docs/art-source/one-frame-method-fullrun-20260724/ferret-albino-set00-oneframe-62/oneframe-coat-16-23-20260725/frames/frame-19.png,fc930f624a7d4f522da8e545e8b9c09846337144f2b699462e7d9946a4997b72,docs/art-source/ferret-albino/motion-source/accepted-frames/set00/frame-19.png,fc930f624a7d4f522da8e545e8b9c09846337144f2b699462e7d9946a4997b72,true,docs/art-source/one-frame-method-fullrun-20260724/ferret-albino-set00-oneframe-62/oneframe-coat-16-23-20260725/attempts/frame-19/a01/verdict.json,docs/art-source/ferret-albino/motion-source/qa/parent-verdict-set00.md
20,sniff,a01,docs/art-source/one-frame-method-fullrun-20260724/ferret-albino-set00-oneframe-62/oneframe-coat-16-23-20260725,E:/Development/AnimalDesktop-asset-archives/20260724-ferret-three-variants/ferret-albino-set00-oneframe-62/oneframe-coat-16-23-20260725,docs/art-source/one-frame-method-fullrun-20260724/ferret-albino-set00-oneframe-62/oneframe-coat-16-23-20260725/attempts/frame-20/a01/prompt.txt,aaf9d44c66cc9afe24d61b3d8aef0bb1cea851ba210b3bb9e2cb7791fa1e2c96,C:/Users/User/.codex/generated_images/019f90f4-29ad-79d1-a72d-f5e73c495bc8/call_1rKnDttKzovghzz4RccNo1Pk.png,cb1a8334be4164a5736a8956577c013be09107a4401cf8bf6777ead60d50ff22,docs/art-source/one-frame-method-fullrun-20260724/ferret-albino-set00-oneframe-62/oneframe-coat-16-23-20260725/attempts/frame-20/a01/raw/frame-20.png,cb1a8334be4164a5736a8956577c013be09107a4401cf8bf6777ead60d50ff22,docs/art-source/one-frame-method-fullrun-20260724/ferret-albino-set00-oneframe-62/oneframe-coat-16-23-20260725/attempts/frame-20/a01/alpha/frame-20.png,6e10af40123842d3873a74cc3100c3085d0260518c69cef7c428baba4da90ea3,docs/art-source/one-frame-method-fullrun-20260724/ferret-albino-set00-oneframe-62/oneframe-coat-16-23-20260725/frames/frame-20.png,6e10af40123842d3873a74cc3100c3085d0260518c69cef7c428baba4da90ea3,docs/art-source/ferret-albino/motion-source/accepted-frames/set00/frame-20.png,6e10af40123842d3873a74cc3100c3085d0260518c69cef7c428baba4da90ea3,true,docs/art-source/one-frame-method-fullrun-20260724/ferret-albino-set00-oneframe-62/oneframe-coat-16-23-20260725/attempts/frame-20/a01/verdict.json,docs/art-source/ferret-albino/motion-source/qa/parent-verdict-set00.md
21,sniff,a01,docs/art-source/one-frame-method-fullrun-20260724/ferret-albino-set00-oneframe-62/oneframe-coat-16-23-20260725,E:/Development/AnimalDesktop-asset-archives/20260724-ferret-three-variants/ferret-albino-set00-oneframe-62/oneframe-coat-16-23-20260725,docs/art-source/one-frame-method-fullrun-20260724/ferret-albino-set00-oneframe-62/oneframe-coat-16-23-20260725/attempts/frame-21/a01/prompt.txt,0262ffb935dee3d5b0f506dbf617bdeba1576c2ee94f474899d32f48e8c46977,C:/Users/User/.codex/generated_images/019f90f4-29ad-79d1-a72d-f5e73c495bc8/call_5wrhem5SNwkxoX2wzlQIQVD2.png,51f4a6ae3ae9522b843e5f7f01247a83d8201d7ed6886ae0c86b507f3a52643d,docs/art-source/one-frame-method-fullrun-20260724/ferret-albino-set00-oneframe-62/oneframe-coat-16-23-20260725/attempts/frame-21/a01/raw/frame-21.png,51f4a6ae3ae9522b843e5f7f01247a83d8201d7ed6886ae0c86b507f3a52643d,docs/art-source/one-frame-method-fullrun-20260724/ferret-albino-set00-oneframe-62/oneframe-coat-16-23-20260725/attempts/frame-21/a01/alpha/frame-21.png,7f71ad8c1ea5c79bd7f7f009396e6c91df7d6dcd44f9b3ff8df512a4e6d16ed5,docs/art-source/one-frame-method-fullrun-20260724/ferret-albino-set00-oneframe-62/oneframe-coat-16-23-20260725/frames/frame-21.png,7f71ad8c1ea5c79bd7f7f009396e6c91df7d6dcd44f9b3ff8df512a4e6d16ed5,docs/art-source/ferret-albino/motion-source/accepted-frames/set00/frame-21.png,7f71ad8c1ea5c79bd7f7f009396e6c91df7d6dcd44f9b3ff8df512a4e6d16ed5,true,docs/art-source/one-frame-method-fullrun-20260724/ferret-albino-set00-oneframe-62/oneframe-coat-16-23-20260725/attempts/frame-21/a01/verdict.json,docs/art-source/ferret-albino/motion-source/qa/parent-verdict-set00.md
22,sniff,a01,docs/art-source/one-frame-method-fullrun-20260724/ferret-albino-set00-oneframe-62/oneframe-coat-16-23-20260725,E:/Development/AnimalDesktop-asset-archives/20260724-ferret-three-variants/ferret-albino-set00-oneframe-62/oneframe-coat-16-23-20260725,docs/art-source/one-frame-method-fullrun-20260724/ferret-albino-set00-oneframe-62/oneframe-coat-16-23-20260725/attempts/frame-22/a01/prompt.txt,387f88d48bd51ae0680c65e029098bab31db97c6a096f5a070f2f3f40e1d1685,C:/Users/User/.codex/generated_images/019f90f4-29ad-79d1-a72d-f5e73c495bc8/call_MroTQd484mpyG7Hg7T4oDhX4.png,490ceb4a6b04f0e9d1f06eb1705163f8fb566066edda3e1e4b17e4edb0fc2431,docs/art-source/one-frame-method-fullrun-20260724/ferret-albino-set00-oneframe-62/oneframe-coat-16-23-20260725/attempts/frame-22/a01/raw/frame-22.png,490ceb4a6b04f0e9d1f06eb1705163f8fb566066edda3e1e4b17e4edb0fc2431,docs/art-source/one-frame-method-fullrun-20260724/ferret-albino-set00-oneframe-62/oneframe-coat-16-23-20260725/attempts/frame-22/a01/alpha/frame-22.png,37b88065325caaa392a029272cad95bec5f9248d4ed453482e8ab744761f7ba7,docs/art-source/one-frame-method-fullrun-20260724/ferret-albino-set00-oneframe-62/oneframe-coat-16-23-20260725/frames/frame-22.png,37b88065325caaa392a029272cad95bec5f9248d4ed453482e8ab744761f7ba7,docs/art-source/ferret-albino/motion-source/accepted-frames/set00/frame-22.png,37b88065325caaa392a029272cad95bec5f9248d4ed453482e8ab744761f7ba7,true,docs/art-source/one-frame-method-fullrun-20260724/ferret-albino-set00-oneframe-62/oneframe-coat-16-23-20260725/attempts/frame-22/a01/verdict.json,docs/art-source/ferret-albino/motion-source/qa/parent-verdict-set00.md
23,sniff,a01,docs/art-source/one-frame-method-fullrun-20260724/ferret-albino-set00-oneframe-62/oneframe-coat-16-23-20260725,E:/Development/AnimalDesktop-asset-archives/20260724-ferret-three-variants/ferret-albino-set00-oneframe-62/oneframe-coat-16-23-20260725,docs/art-source/one-frame-method-fullrun-20260724/ferret-albino-set00-oneframe-62/oneframe-coat-16-23-20260725/attempts/frame-23/a01/prompt.txt,b682505b4e7b2144fc3a133db2d5db8655f4e6e68f392bed0be33445ceb2c670,C:/Users/User/.codex/generated_images/019f90f4-29ad-79d1-a72d-f5e73c495bc8/call_sKlIynQghV27n6YCZDkNfZKP.png,00617771f5550b435568daec8e411b4f790b83991ce5031bc95bb4f7a4b8580f,docs/art-source/one-frame-method-fullrun-20260724/ferret-albino-set00-oneframe-62/oneframe-coat-16-23-20260725/attempts/frame-23/a01/raw/frame-23.png,00617771f5550b435568daec8e411b4f790b83991ce5031bc95bb4f7a4b8580f,docs/art-source/one-frame-method-fullrun-20260724/ferret-albino-set00-oneframe-62/oneframe-coat-16-23-20260725/attempts/frame-23/a01/alpha/frame-23.png,b444a8aaad81162315a242d25b9c69f9ed00e991167a9a24fd02d29ef96c3286,docs/art-source/one-frame-method-fullrun-20260724/ferret-albino-set00-oneframe-62/oneframe-coat-16-23-20260725/frames/frame-23.png,b444a8aaad81162315a242d25b9c69f9ed00e991167a9a24fd02d29ef96c3286,docs/art-source/ferret-albino/motion-source/accepted-frames/set00/frame-23.png,b444a8aaad81162315a242d25b9c69f9ed00e991167a9a24fd02d29ef96c3286,true,docs/art-source/one-frame-method-fullrun-20260724/ferret-albino-set00-oneframe-62/oneframe-coat-16-23-20260725/attempts/frame-23/a01/verdict.json,docs/art-source/ferret-albino/motion-source/qa/parent-verdict-set00.md
24,sniff,a01,docs/art-source/one-frame-method-fullrun-20260724/ferret-albino-set00-oneframe-62/oneframe-coat-24-31-20260725,E:/Development/AnimalDesktop-asset-archives/20260724-ferret-three-variants/ferret-albino-set00-oneframe-62/oneframe-coat-24-31-20260725,docs/art-source/one-frame-method-fullrun-20260724/ferret-albino-set00-oneframe-62/oneframe-coat-24-31-20260725/attempts/frame-24/a01/prompt.txt,2cd96c944e175b1fda0dbdc0e4cf64d53cf80670fb060f30c6d2ef05ed6465c8,C:/Users/User/.codex/generated_images/019f90f4-29ad-79d1-a72d-f5e73c495bc8/call_BuIHRROur9I2BhmcEHKnE71Y.png,3e96b9482a65ed515a41e07e14d8f73a82d9c03a36201863246831effcdb214e,docs/art-source/one-frame-method-fullrun-20260724/ferret-albino-set00-oneframe-62/oneframe-coat-24-31-20260725/attempts/frame-24/a01/raw/frame-24.png,3e96b9482a65ed515a41e07e14d8f73a82d9c03a36201863246831effcdb214e,docs/art-source/one-frame-method-fullrun-20260724/ferret-albino-set00-oneframe-62/oneframe-coat-24-31-20260725/attempts/frame-24/a01/alpha/frame-24.png,edd7ae15b05a90a982110c2587bdf998d43555b739df3a8a7722f1468a753fa7,docs/art-source/one-frame-method-fullrun-20260724/ferret-albino-set00-oneframe-62/oneframe-coat-24-31-20260725/frames/frame-24.png,edd7ae15b05a90a982110c2587bdf998d43555b739df3a8a7722f1468a753fa7,docs/art-source/ferret-albino/motion-source/accepted-frames/set00/frame-24.png,edd7ae15b05a90a982110c2587bdf998d43555b739df3a8a7722f1468a753fa7,true,docs/art-source/one-frame-method-fullrun-20260724/ferret-albino-set00-oneframe-62/oneframe-coat-24-31-20260725/attempts/frame-24/a01/verdict.json,docs/art-source/ferret-albino/motion-source/qa/parent-verdict-set00.md
25,sniff,a01,docs/art-source/one-frame-method-fullrun-20260724/ferret-albino-set00-oneframe-62/oneframe-coat-24-31-20260725,E:/Development/AnimalDesktop-asset-archives/20260724-ferret-three-variants/ferret-albino-set00-oneframe-62/oneframe-coat-24-31-20260725,docs/art-source/one-frame-method-fullrun-20260724/ferret-albino-set00-oneframe-62/oneframe-coat-24-31-20260725/attempts/frame-25/a01/prompt.txt,3f06a177138fffb2964a3f63ecd888a558e8ce3ad9126e64b02d2006a8835801,C:/Users/User/.codex/generated_images/019f90f4-29ad-79d1-a72d-f5e73c495bc8/call_f5FWDliYrXPZf7Bor5TKVXbi.png,c77a301f0d72e09058c1f95abbd6c01e5b726b1e7ba6df4d1929f6e57621b3c8,docs/art-source/one-frame-method-fullrun-20260724/ferret-albino-set00-oneframe-62/oneframe-coat-24-31-20260725/attempts/frame-25/a01/raw/frame-25.png,c77a301f0d72e09058c1f95abbd6c01e5b726b1e7ba6df4d1929f6e57621b3c8,docs/art-source/one-frame-method-fullrun-20260724/ferret-albino-set00-oneframe-62/oneframe-coat-24-31-20260725/attempts/frame-25/a01/alpha/frame-25.png,db67b3127403487e76e9be0438cebae5fb00cb141ae4d1a289c6095e10648b65,docs/art-source/one-frame-method-fullrun-20260724/ferret-albino-set00-oneframe-62/oneframe-coat-24-31-20260725/frames/frame-25.png,db67b3127403487e76e9be0438cebae5fb00cb141ae4d1a289c6095e10648b65,docs/art-source/ferret-albino/motion-source/accepted-frames/set00/frame-25.png,db67b3127403487e76e9be0438cebae5fb00cb141ae4d1a289c6095e10648b65,true,docs/art-source/one-frame-method-fullrun-20260724/ferret-albino-set00-oneframe-62/oneframe-coat-24-31-20260725/attempts/frame-25/a01/verdict.json,docs/art-source/ferret-albino/motion-source/qa/parent-verdict-set00.md
26,groom,a01,docs/art-source/one-frame-method-fullrun-20260724/ferret-albino-set00-oneframe-62/oneframe-coat-24-31-20260725,E:/Development/AnimalDesktop-asset-archives/20260724-ferret-three-variants/ferret-albino-set00-oneframe-62/oneframe-coat-24-31-20260725,docs/art-source/one-frame-method-fullrun-20260724/ferret-albino-set00-oneframe-62/oneframe-coat-24-31-20260725/attempts/frame-26/a01/prompt.txt,8dba087abec2250fb4692ae70b9b3bc2989e483db18af8c26bcb55c054df521d,C:/Users/User/.codex/generated_images/019f90f4-29ad-79d1-a72d-f5e73c495bc8/call_amygvYGZmHl4GKJA2yeAevZz.png,9b59f8c4a383db91f925f46d9fa170732437a3c3cdefdb65a8138cccb1762e19,docs/art-source/one-frame-method-fullrun-20260724/ferret-albino-set00-oneframe-62/oneframe-coat-24-31-20260725/attempts/frame-26/a01/raw/frame-26.png,9b59f8c4a383db91f925f46d9fa170732437a3c3cdefdb65a8138cccb1762e19,docs/art-source/one-frame-method-fullrun-20260724/ferret-albino-set00-oneframe-62/oneframe-coat-24-31-20260725/attempts/frame-26/a01/alpha/frame-26.png,758dc788a86bea294f6e5cd21891109d5efe0c032b8bc2395f3fa418c50d8e77,docs/art-source/one-frame-method-fullrun-20260724/ferret-albino-set00-oneframe-62/oneframe-coat-24-31-20260725/frames/frame-26.png,758dc788a86bea294f6e5cd21891109d5efe0c032b8bc2395f3fa418c50d8e77,docs/art-source/ferret-albino/motion-source/accepted-frames/set00/frame-26.png,758dc788a86bea294f6e5cd21891109d5efe0c032b8bc2395f3fa418c50d8e77,true,docs/art-source/one-frame-method-fullrun-20260724/ferret-albino-set00-oneframe-62/oneframe-coat-24-31-20260725/attempts/frame-26/a01/verdict.json,docs/art-source/ferret-albino/motion-source/qa/parent-verdict-set00.md
27,groom,a01,docs/art-source/one-frame-method-fullrun-20260724/ferret-albino-set00-oneframe-62/oneframe-coat-24-31-20260725,E:/Development/AnimalDesktop-asset-archives/20260724-ferret-three-variants/ferret-albino-set00-oneframe-62/oneframe-coat-24-31-20260725,docs/art-source/one-frame-method-fullrun-20260724/ferret-albino-set00-oneframe-62/oneframe-coat-24-31-20260725/attempts/frame-27/a01/prompt.txt,c50bde968d7ad273219cc945062eb3ff0c402d1a129a7b341107e71655ce3acf,C:/Users/User/.codex/generated_images/019f90f4-29ad-79d1-a72d-f5e73c495bc8/call_L61NQjTbkWnpJxyKxOI4sazA.png,44f9aeb2faa817d97ff03f8e26c44388150924a18f562b4e0adc0ba448b2dc33,docs/art-source/one-frame-method-fullrun-20260724/ferret-albino-set00-oneframe-62/oneframe-coat-24-31-20260725/attempts/frame-27/a01/raw/frame-27.png,44f9aeb2faa817d97ff03f8e26c44388150924a18f562b4e0adc0ba448b2dc33,docs/art-source/one-frame-method-fullrun-20260724/ferret-albino-set00-oneframe-62/oneframe-coat-24-31-20260725/attempts/frame-27/a01/alpha/frame-27.png,a9d67b165fca86755d60e74d3fc1d525210104f51311170d5ba6e2eaf121235a,docs/art-source/one-frame-method-fullrun-20260724/ferret-albino-set00-oneframe-62/oneframe-coat-24-31-20260725/frames/frame-27.png,a9d67b165fca86755d60e74d3fc1d525210104f51311170d5ba6e2eaf121235a,docs/art-source/ferret-albino/motion-source/accepted-frames/set00/frame-27.png,a9d67b165fca86755d60e74d3fc1d525210104f51311170d5ba6e2eaf121235a,true,docs/art-source/one-frame-method-fullrun-20260724/ferret-albino-set00-oneframe-62/oneframe-coat-24-31-20260725/attempts/frame-27/a01/verdict.json,docs/art-source/ferret-albino/motion-source/qa/parent-verdict-set00.md
28,groom,a01,docs/art-source/one-frame-method-fullrun-20260724/ferret-albino-set00-oneframe-62/oneframe-coat-24-31-20260725,E:/Development/AnimalDesktop-asset-archives/20260724-ferret-three-variants/ferret-albino-set00-oneframe-62/oneframe-coat-24-31-20260725,docs/art-source/one-frame-method-fullrun-20260724/ferret-albino-set00-oneframe-62/oneframe-coat-24-31-20260725/attempts/frame-28/a01/prompt.txt,47b63d4dc81ddbfc668bdf24b452012708219fb2ac5a61aa66180f3120e3fbae,C:/Users/User/.codex/generated_images/019f90f4-29ad-79d1-a72d-f5e73c495bc8/call_MNHtkzaKxPX4OD0abWOFU4rO.png,7acda51058263ec338c59c295b9a52d52a4d58d46890182d524720187aa46d03,docs/art-source/one-frame-method-fullrun-20260724/ferret-albino-set00-oneframe-62/oneframe-coat-24-31-20260725/attempts/frame-28/a01/raw/frame-28.png,7acda51058263ec338c59c295b9a52d52a4d58d46890182d524720187aa46d03,docs/art-source/one-frame-method-fullrun-20260724/ferret-albino-set00-oneframe-62/oneframe-coat-24-31-20260725/attempts/frame-28/a01/alpha/frame-28.png,fdd8922eadf596da90b22a7faee77ab31585fc490401c3e984c02dfc8976ab00,docs/art-source/one-frame-method-fullrun-20260724/ferret-albino-set00-oneframe-62/oneframe-coat-24-31-20260725/frames/frame-28.png,fdd8922eadf596da90b22a7faee77ab31585fc490401c3e984c02dfc8976ab00,docs/art-source/ferret-albino/motion-source/accepted-frames/set00/frame-28.png,fdd8922eadf596da90b22a7faee77ab31585fc490401c3e984c02dfc8976ab00,true,docs/art-source/one-frame-method-fullrun-20260724/ferret-albino-set00-oneframe-62/oneframe-coat-24-31-20260725/attempts/frame-28/a01/verdict.json,docs/art-source/ferret-albino/motion-source/qa/parent-verdict-set00.md
29,groom,a01,docs/art-source/one-frame-method-fullrun-20260724/ferret-albino-set00-oneframe-62/oneframe-coat-24-31-20260725,E:/Development/AnimalDesktop-asset-archives/20260724-ferret-three-variants/ferret-albino-set00-oneframe-62/oneframe-coat-24-31-20260725,docs/art-source/one-frame-method-fullrun-20260724/ferret-albino-set00-oneframe-62/oneframe-coat-24-31-20260725/attempts/frame-29/a01/prompt.txt,a6e286e2c3f08929fd212e759534125b738b9e302ca3de44787ce00fa0aeef06,C:/Users/User/.codex/generated_images/019f90f4-29ad-79d1-a72d-f5e73c495bc8/call_GPQRmf6bZGhsimpE0w12JIcV.png,cb8273f934d2b27ea4f337eb36682e9b6e6d1436af3b99de55d5b884783af51a,docs/art-source/one-frame-method-fullrun-20260724/ferret-albino-set00-oneframe-62/oneframe-coat-24-31-20260725/attempts/frame-29/a01/raw/frame-29.png,cb8273f934d2b27ea4f337eb36682e9b6e6d1436af3b99de55d5b884783af51a,docs/art-source/one-frame-method-fullrun-20260724/ferret-albino-set00-oneframe-62/oneframe-coat-24-31-20260725/attempts/frame-29/a01/alpha/frame-29.png,ce3eda45b8ab5ee0985b849295173525a92eb3facb92ee2858bbc637605cdf13,docs/art-source/one-frame-method-fullrun-20260724/ferret-albino-set00-oneframe-62/oneframe-coat-24-31-20260725/frames/frame-29.png,ce3eda45b8ab5ee0985b849295173525a92eb3facb92ee2858bbc637605cdf13,docs/art-source/ferret-albino/motion-source/accepted-frames/set00/frame-29.png,ce3eda45b8ab5ee0985b849295173525a92eb3facb92ee2858bbc637605cdf13,true,docs/art-source/one-frame-method-fullrun-20260724/ferret-albino-set00-oneframe-62/oneframe-coat-24-31-20260725/attempts/frame-29/a01/verdict.json,docs/art-source/ferret-albino/motion-source/qa/parent-verdict-set00.md
30,groom,a01,docs/art-source/one-frame-method-fullrun-20260724/ferret-albino-set00-oneframe-62/oneframe-coat-24-31-20260725,E:/Development/AnimalDesktop-asset-archives/20260724-ferret-three-variants/ferret-albino-set00-oneframe-62/oneframe-coat-24-31-20260725,docs/art-source/one-frame-method-fullrun-20260724/ferret-albino-set00-oneframe-62/oneframe-coat-24-31-20260725/attempts/frame-30/a01/prompt.txt,f93f3bf6b38b2b9c5cb38cb1510a45b5517e89a00359411d96820ed640a8f8fc,C:/Users/User/.codex/generated_images/019f90f4-29ad-79d1-a72d-f5e73c495bc8/call_o3JrOLqla6nsCl3KAe23U8Rm.png,1e1d3cc750e6f3620cae265b8a7a97933aae68121be1412cd62d26b8c2448cb7,docs/art-source/one-frame-method-fullrun-20260724/ferret-albino-set00-oneframe-62/oneframe-coat-24-31-20260725/attempts/frame-30/a01/raw/frame-30.png,1e1d3cc750e6f3620cae265b8a7a97933aae68121be1412cd62d26b8c2448cb7,docs/art-source/one-frame-method-fullrun-20260724/ferret-albino-set00-oneframe-62/oneframe-coat-24-31-20260725/attempts/frame-30/a01/alpha/frame-30.png,6bf3cc1800b3393d431a2b3bd65a9fd85618b7e25a82d00b4779339a73e08aac,docs/art-source/one-frame-method-fullrun-20260724/ferret-albino-set00-oneframe-62/oneframe-coat-24-31-20260725/frames/frame-30.png,6bf3cc1800b3393d431a2b3bd65a9fd85618b7e25a82d00b4779339a73e08aac,docs/art-source/ferret-albino/motion-source/accepted-frames/set00/frame-30.png,6bf3cc1800b3393d431a2b3bd65a9fd85618b7e25a82d00b4779339a73e08aac,true,docs/art-source/one-frame-method-fullrun-20260724/ferret-albino-set00-oneframe-62/oneframe-coat-24-31-20260725/attempts/frame-30/a01/verdict.json,docs/art-source/ferret-albino/motion-source/qa/parent-verdict-set00.md
31,groom,a01,docs/art-source/one-frame-method-fullrun-20260724/ferret-albino-set00-oneframe-62/oneframe-coat-24-31-20260725,E:/Development/AnimalDesktop-asset-archives/20260724-ferret-three-variants/ferret-albino-set00-oneframe-62/oneframe-coat-24-31-20260725,docs/art-source/one-frame-method-fullrun-20260724/ferret-albino-set00-oneframe-62/oneframe-coat-24-31-20260725/attempts/frame-31/a01/prompt.txt,6e30af11ae6c0b38e434207892b1d9f99d52fce74fdd84e753e05c31e5d3cc39,C:/Users/User/.codex/generated_images/019f90f4-29ad-79d1-a72d-f5e73c495bc8/call_MCWxvPJ1ngkkGWDTmxhPpiCM.png,afaa06040ca4208a4a8f334c793e24c28146534e764cc4897ea2e5906e1c7d6d,docs/art-source/one-frame-method-fullrun-20260724/ferret-albino-set00-oneframe-62/oneframe-coat-24-31-20260725/attempts/frame-31/a01/raw/frame-31.png,afaa06040ca4208a4a8f334c793e24c28146534e764cc4897ea2e5906e1c7d6d,docs/art-source/one-frame-method-fullrun-20260724/ferret-albino-set00-oneframe-62/oneframe-coat-24-31-20260725/attempts/frame-31/a01/alpha/frame-31.png,5f942d74e335015dffb3715d4fca0ece3909a1717842f25b0125387bb2900057,docs/art-source/one-frame-method-fullrun-20260724/ferret-albino-set00-oneframe-62/oneframe-coat-24-31-20260725/frames/frame-31.png,5f942d74e335015dffb3715d4fca0ece3909a1717842f25b0125387bb2900057,docs/art-source/ferret-albino/motion-source/accepted-frames/set00/frame-31.png,5f942d74e335015dffb3715d4fca0ece3909a1717842f25b0125387bb2900057,true,docs/art-source/one-frame-method-fullrun-20260724/ferret-albino-set00-oneframe-62/oneframe-coat-24-31-20260725/attempts/frame-31/a01/verdict.json,docs/art-source/ferret-albino/motion-source/qa/parent-verdict-set00.md
32,turn,a01,docs/art-source/one-frame-method-fullrun-20260724/ferret-albino-set00-oneframe-62/oneframe-coat-32-39-20260725,E:/Development/AnimalDesktop-asset-archives/20260724-ferret-three-variants/ferret-albino-set00-oneframe-62/oneframe-coat-32-39-20260725,docs/art-source/one-frame-method-fullrun-20260724/ferret-albino-set00-oneframe-62/oneframe-coat-32-39-20260725/attempts/frame-32/a01/prompt.txt,3495f88314936783e3c91df4f2e5020698416b22712f04051c37541009a37362,C:/Users/User/.codex/generated_images/019f90f4-29ad-79d1-a72d-f5e73c495bc8/call_g07vhktDVOwAQ6uxK3fLzmzt.png,bf47e1b84296c2625d12e4e5e92e86d68d1e1e487c3aadc3ae995eca0c4cf55a,docs/art-source/one-frame-method-fullrun-20260724/ferret-albino-set00-oneframe-62/oneframe-coat-32-39-20260725/attempts/frame-32/a01/raw/frame-32.png,bf47e1b84296c2625d12e4e5e92e86d68d1e1e487c3aadc3ae995eca0c4cf55a,docs/art-source/one-frame-method-fullrun-20260724/ferret-albino-set00-oneframe-62/oneframe-coat-32-39-20260725/attempts/frame-32/a01/alpha/frame-32.png,210b793e989e27532d29bbccb2657c895a3b6d8bad828c33d4932ce9c6be8af9,docs/art-source/one-frame-method-fullrun-20260724/ferret-albino-set00-oneframe-62/oneframe-coat-32-39-20260725/frames/frame-32.png,210b793e989e27532d29bbccb2657c895a3b6d8bad828c33d4932ce9c6be8af9,docs/art-source/ferret-albino/motion-source/accepted-frames/set00/frame-32.png,210b793e989e27532d29bbccb2657c895a3b6d8bad828c33d4932ce9c6be8af9,true,docs/art-source/one-frame-method-fullrun-20260724/ferret-albino-set00-oneframe-62/oneframe-coat-32-39-20260725/attempts/frame-32/a01/verdict.json,docs/art-source/ferret-albino/motion-source/qa/parent-verdict-set00.md
33,turn,a01,docs/art-source/one-frame-method-fullrun-20260724/ferret-albino-set00-oneframe-62/oneframe-coat-32-39-20260725,E:/Development/AnimalDesktop-asset-archives/20260724-ferret-three-variants/ferret-albino-set00-oneframe-62/oneframe-coat-32-39-20260725,docs/art-source/one-frame-method-fullrun-20260724/ferret-albino-set00-oneframe-62/oneframe-coat-32-39-20260725/attempts/frame-33/a01/prompt.txt,e4555057f13885ac6b027937b589bf6cf525b29899e565a8e4645250a4a99d42,C:/Users/User/.codex/generated_images/019f90f4-29ad-79d1-a72d-f5e73c495bc8/call_ESWbVTDzE1vb0mglgUD8yvh0.png,d2f1d003837cf38fa1c9e1a70820a58c0a9616ac2fa0fe1d2af688940574b66e,docs/art-source/one-frame-method-fullrun-20260724/ferret-albino-set00-oneframe-62/oneframe-coat-32-39-20260725/attempts/frame-33/a01/raw/frame-33.png,d2f1d003837cf38fa1c9e1a70820a58c0a9616ac2fa0fe1d2af688940574b66e,docs/art-source/one-frame-method-fullrun-20260724/ferret-albino-set00-oneframe-62/oneframe-coat-32-39-20260725/attempts/frame-33/a01/alpha/frame-33.png,1bb2bdf33c2b4be93e252114c14c58282d6b4f795546e9f88762d8249587d87b,docs/art-source/one-frame-method-fullrun-20260724/ferret-albino-set00-oneframe-62/oneframe-coat-32-39-20260725/frames/frame-33.png,1bb2bdf33c2b4be93e252114c14c58282d6b4f795546e9f88762d8249587d87b,docs/art-source/ferret-albino/motion-source/accepted-frames/set00/frame-33.png,1bb2bdf33c2b4be93e252114c14c58282d6b4f795546e9f88762d8249587d87b,true,docs/art-source/one-frame-method-fullrun-20260724/ferret-albino-set00-oneframe-62/oneframe-coat-32-39-20260725/attempts/frame-33/a01/verdict.json,docs/art-source/ferret-albino/motion-source/qa/parent-verdict-set00.md
34,turn,a01,docs/art-source/one-frame-method-fullrun-20260724/ferret-albino-set00-oneframe-62/oneframe-coat-32-39-20260725,E:/Development/AnimalDesktop-asset-archives/20260724-ferret-three-variants/ferret-albino-set00-oneframe-62/oneframe-coat-32-39-20260725,docs/art-source/one-frame-method-fullrun-20260724/ferret-albino-set00-oneframe-62/oneframe-coat-32-39-20260725/attempts/frame-34/a01/prompt.txt,7f73c2089dd4fd9dd4c5e42fd7b4f1ddf6fd0c76b75f5fb9a5ecca8b45ac9bbe,C:/Users/User/.codex/generated_images/019f90f4-29ad-79d1-a72d-f5e73c495bc8/call_xw93Em6psNibeNguhRN2XlAv.png,ffe378a784dec49d23c0c852c992d4273287b89f11511e26267fbc3712352a59,docs/art-source/one-frame-method-fullrun-20260724/ferret-albino-set00-oneframe-62/oneframe-coat-32-39-20260725/attempts/frame-34/a01/raw/frame-34.png,ffe378a784dec49d23c0c852c992d4273287b89f11511e26267fbc3712352a59,docs/art-source/one-frame-method-fullrun-20260724/ferret-albino-set00-oneframe-62/oneframe-coat-32-39-20260725/attempts/frame-34/a01/alpha/frame-34.png,63d9b04097bf7861f63ecc3269fd25f41f25986f14b1a42ef64c6310ba4360d3,docs/art-source/one-frame-method-fullrun-20260724/ferret-albino-set00-oneframe-62/oneframe-coat-32-39-20260725/frames/frame-34.png,63d9b04097bf7861f63ecc3269fd25f41f25986f14b1a42ef64c6310ba4360d3,docs/art-source/ferret-albino/motion-source/accepted-frames/set00/frame-34.png,63d9b04097bf7861f63ecc3269fd25f41f25986f14b1a42ef64c6310ba4360d3,true,docs/art-source/one-frame-method-fullrun-20260724/ferret-albino-set00-oneframe-62/oneframe-coat-32-39-20260725/attempts/frame-34/a01/verdict.json,docs/art-source/ferret-albino/motion-source/qa/parent-verdict-set00.md
35,turn,a01,docs/art-source/one-frame-method-fullrun-20260724/ferret-albino-set00-oneframe-62/oneframe-coat-32-39-20260725,E:/Development/AnimalDesktop-asset-archives/20260724-ferret-three-variants/ferret-albino-set00-oneframe-62/oneframe-coat-32-39-20260725,docs/art-source/one-frame-method-fullrun-20260724/ferret-albino-set00-oneframe-62/oneframe-coat-32-39-20260725/attempts/frame-35/a01/prompt.txt,aed58363735887f0c7d13907befd5bc338294bed250041c3c85e38ab2afa3c4d,C:/Users/User/.codex/generated_images/019f90f4-29ad-79d1-a72d-f5e73c495bc8/call_JCqWuSKYc4QXMe9sar1SQGvU.png,6a194c5c422c53a1ce4e2279dfceb697bc8962dacda22ae25c92928fa9299fed,docs/art-source/one-frame-method-fullrun-20260724/ferret-albino-set00-oneframe-62/oneframe-coat-32-39-20260725/attempts/frame-35/a01/raw/frame-35.png,6a194c5c422c53a1ce4e2279dfceb697bc8962dacda22ae25c92928fa9299fed,docs/art-source/one-frame-method-fullrun-20260724/ferret-albino-set00-oneframe-62/oneframe-coat-32-39-20260725/attempts/frame-35/a01/alpha/frame-35.png,e70f3c6eaf8d26f5ff4fb7df9fc4e5c5584258c29571461ac1af1ef3347b47f2,docs/art-source/one-frame-method-fullrun-20260724/ferret-albino-set00-oneframe-62/oneframe-coat-32-39-20260725/frames/frame-35.png,e70f3c6eaf8d26f5ff4fb7df9fc4e5c5584258c29571461ac1af1ef3347b47f2,docs/art-source/ferret-albino/motion-source/accepted-frames/set00/frame-35.png,e70f3c6eaf8d26f5ff4fb7df9fc4e5c5584258c29571461ac1af1ef3347b47f2,true,docs/art-source/one-frame-method-fullrun-20260724/ferret-albino-set00-oneframe-62/oneframe-coat-32-39-20260725/attempts/frame-35/a01/verdict.json,docs/art-source/ferret-albino/motion-source/qa/parent-verdict-set00.md
36,turn,a01,docs/art-source/one-frame-method-fullrun-20260724/ferret-albino-set00-oneframe-62/oneframe-coat-32-39-20260725,E:/Development/AnimalDesktop-asset-archives/20260724-ferret-three-variants/ferret-albino-set00-oneframe-62/oneframe-coat-32-39-20260725,docs/art-source/one-frame-method-fullrun-20260724/ferret-albino-set00-oneframe-62/oneframe-coat-32-39-20260725/attempts/frame-36/a01/prompt.txt,3d13986c9809504f1a35b9e08a7aa2139bc0ca136816a3942f3c802357c59940,C:/Users/User/.codex/generated_images/019f90f4-29ad-79d1-a72d-f5e73c495bc8/call_HKOm4DDFcU1HWHHxvtfkgYyU.png,603733d54e9e4b55292075fc1974358389009400d790f2d4aacae04474a6564e,docs/art-source/one-frame-method-fullrun-20260724/ferret-albino-set00-oneframe-62/oneframe-coat-32-39-20260725/attempts/frame-36/a01/raw/frame-36.png,603733d54e9e4b55292075fc1974358389009400d790f2d4aacae04474a6564e,docs/art-source/one-frame-method-fullrun-20260724/ferret-albino-set00-oneframe-62/oneframe-coat-32-39-20260725/attempts/frame-36/a01/alpha/frame-36.png,cbf79dfaeeff3a45724ac170a64ae6853520fb3a72d75efb5484d768af614afd,docs/art-source/one-frame-method-fullrun-20260724/ferret-albino-set00-oneframe-62/oneframe-coat-32-39-20260725/frames/frame-36.png,cbf79dfaeeff3a45724ac170a64ae6853520fb3a72d75efb5484d768af614afd,docs/art-source/ferret-albino/motion-source/accepted-frames/set00/frame-36.png,cbf79dfaeeff3a45724ac170a64ae6853520fb3a72d75efb5484d768af614afd,true,docs/art-source/one-frame-method-fullrun-20260724/ferret-albino-set00-oneframe-62/oneframe-coat-32-39-20260725/attempts/frame-36/a01/verdict.json,docs/art-source/ferret-albino/motion-source/qa/parent-verdict-set00.md
37,turn,a01,docs/art-source/one-frame-method-fullrun-20260724/ferret-albino-set00-oneframe-62/oneframe-coat-32-39-20260725,E:/Development/AnimalDesktop-asset-archives/20260724-ferret-three-variants/ferret-albino-set00-oneframe-62/oneframe-coat-32-39-20260725,docs/art-source/one-frame-method-fullrun-20260724/ferret-albino-set00-oneframe-62/oneframe-coat-32-39-20260725/attempts/frame-37/a01/prompt.txt,1c02ef67c62994211549324feeec22dba5a468b9e30fa38b84ffd6bd41418af7,C:/Users/User/.codex/generated_images/019f90f4-29ad-79d1-a72d-f5e73c495bc8/call_dXaT2Quex8hOvc95zlnr5zE4.png,e56fb217814b1f919855a68c0e4736f537a2e3e5abd9bf1c75c0d0467f6b8837,docs/art-source/one-frame-method-fullrun-20260724/ferret-albino-set00-oneframe-62/oneframe-coat-32-39-20260725/attempts/frame-37/a01/raw/frame-37.png,e56fb217814b1f919855a68c0e4736f537a2e3e5abd9bf1c75c0d0467f6b8837,docs/art-source/one-frame-method-fullrun-20260724/ferret-albino-set00-oneframe-62/oneframe-coat-32-39-20260725/attempts/frame-37/a01/alpha/frame-37.png,bb8ec30a609a31caa399e71611060f75230f2828b46390b868575a6230bbe6bd,docs/art-source/one-frame-method-fullrun-20260724/ferret-albino-set00-oneframe-62/oneframe-coat-32-39-20260725/frames/frame-37.png,bb8ec30a609a31caa399e71611060f75230f2828b46390b868575a6230bbe6bd,docs/art-source/ferret-albino/motion-source/accepted-frames/set00/frame-37.png,bb8ec30a609a31caa399e71611060f75230f2828b46390b868575a6230bbe6bd,true,docs/art-source/one-frame-method-fullrun-20260724/ferret-albino-set00-oneframe-62/oneframe-coat-32-39-20260725/attempts/frame-37/a01/verdict.json,docs/art-source/ferret-albino/motion-source/qa/parent-verdict-set00.md
38,turn,a01,docs/art-source/one-frame-method-fullrun-20260724/ferret-albino-set00-oneframe-62/oneframe-coat-32-39-20260725,E:/Development/AnimalDesktop-asset-archives/20260724-ferret-three-variants/ferret-albino-set00-oneframe-62/oneframe-coat-32-39-20260725,docs/art-source/one-frame-method-fullrun-20260724/ferret-albino-set00-oneframe-62/oneframe-coat-32-39-20260725/attempts/frame-38/a01/prompt.txt,eb5ba15d8b9332b188c95ca72e070615681a63fbad348c84976883bb7160cb96,C:/Users/User/.codex/generated_images/019f90f4-29ad-79d1-a72d-f5e73c495bc8/call_o9DdyI6NAIFGXzgt1VH3dYFH.png,646a5c1f8d17a738c1c9a3cade7dc40532b161b23999a5e5b6837679d0fda757,docs/art-source/one-frame-method-fullrun-20260724/ferret-albino-set00-oneframe-62/oneframe-coat-32-39-20260725/attempts/frame-38/a01/raw/frame-38.png,646a5c1f8d17a738c1c9a3cade7dc40532b161b23999a5e5b6837679d0fda757,docs/art-source/one-frame-method-fullrun-20260724/ferret-albino-set00-oneframe-62/oneframe-coat-32-39-20260725/attempts/frame-38/a01/alpha/frame-38.png,6eaada1ea5b0f908d5a5be6c829f17cff41aadb9b5f4e86db52931711a39ab8b,docs/art-source/one-frame-method-fullrun-20260724/ferret-albino-set00-oneframe-62/oneframe-coat-32-39-20260725/frames/frame-38.png,6eaada1ea5b0f908d5a5be6c829f17cff41aadb9b5f4e86db52931711a39ab8b,docs/art-source/ferret-albino/motion-source/accepted-frames/set00/frame-38.png,6eaada1ea5b0f908d5a5be6c829f17cff41aadb9b5f4e86db52931711a39ab8b,true,docs/art-source/one-frame-method-fullrun-20260724/ferret-albino-set00-oneframe-62/oneframe-coat-32-39-20260725/attempts/frame-38/a01/verdict.json,docs/art-source/ferret-albino/motion-source/qa/parent-verdict-set00.md
39,turn,a01,docs/art-source/one-frame-method-fullrun-20260724/ferret-albino-set00-oneframe-62/oneframe-coat-32-39-20260725,E:/Development/AnimalDesktop-asset-archives/20260724-ferret-three-variants/ferret-albino-set00-oneframe-62/oneframe-coat-32-39-20260725,docs/art-source/one-frame-method-fullrun-20260724/ferret-albino-set00-oneframe-62/oneframe-coat-32-39-20260725/attempts/frame-39/a01/prompt.txt,a587c9afc6eebe0859c7e418afa62025765afe1c1fb83daff27917d6fc36f2a2,C:/Users/User/.codex/generated_images/019f90f4-29ad-79d1-a72d-f5e73c495bc8/call_wW63RTNcC1ZUiVb8O3Zxe0ID.png,52927b2f01324e97446db96f7e78544d3ab31c6ab632e4de62f1f24e61c5b792,docs/art-source/one-frame-method-fullrun-20260724/ferret-albino-set00-oneframe-62/oneframe-coat-32-39-20260725/attempts/frame-39/a01/raw/frame-39.png,52927b2f01324e97446db96f7e78544d3ab31c6ab632e4de62f1f24e61c5b792,docs/art-source/one-frame-method-fullrun-20260724/ferret-albino-set00-oneframe-62/oneframe-coat-32-39-20260725/attempts/frame-39/a01/alpha/frame-39.png,c0c9f847f7fea01a6aad4feebb57d881a5d1012b55353901c10bc6bb119519de,docs/art-source/one-frame-method-fullrun-20260724/ferret-albino-set00-oneframe-62/oneframe-coat-32-39-20260725/frames/frame-39.png,c0c9f847f7fea01a6aad4feebb57d881a5d1012b55353901c10bc6bb119519de,docs/art-source/ferret-albino/motion-source/accepted-frames/set00/frame-39.png,c0c9f847f7fea01a6aad4feebb57d881a5d1012b55353901c10bc6bb119519de,true,docs/art-source/one-frame-method-fullrun-20260724/ferret-albino-set00-oneframe-62/oneframe-coat-32-39-20260725/attempts/frame-39/a01/verdict.json,docs/art-source/ferret-albino/motion-source/qa/parent-verdict-set00.md
40,creep,a01,docs/art-source/one-frame-method-fullrun-20260724/ferret-albino-set00-oneframe-62/oneframe-coat-40-47-20260725,E:/Development/AnimalDesktop-asset-archives/20260724-ferret-three-variants/ferret-albino-set00-oneframe-62/oneframe-coat-40-47-20260725,docs/art-source/one-frame-method-fullrun-20260724/ferret-albino-set00-oneframe-62/oneframe-coat-40-47-20260725/attempts/frame-40/a01/prompt.txt,51588ce6152de1b74f2056ceee9669652b95678b6747dcebb87ba5f8c10c2f84,C:/Users/User/.codex/generated_images/019f90f4-29ad-79d1-a72d-f5e73c495bc8/call_iBSpe2dHY9rLgrhunUoxfqAd.png,f68ab2a0439e9db8ab6334d937f7d8a4b0a8635ce7a76f4fb2bf010ed0507aaf,docs/art-source/one-frame-method-fullrun-20260724/ferret-albino-set00-oneframe-62/oneframe-coat-40-47-20260725/attempts/frame-40/a01/raw/frame-40.png,f68ab2a0439e9db8ab6334d937f7d8a4b0a8635ce7a76f4fb2bf010ed0507aaf,docs/art-source/one-frame-method-fullrun-20260724/ferret-albino-set00-oneframe-62/oneframe-coat-40-47-20260725/attempts/frame-40/a01/alpha/frame-40.png,5c5391764974903a2be9357993d2b302065a1282e92f399e3de9df278d00fb98,docs/art-source/one-frame-method-fullrun-20260724/ferret-albino-set00-oneframe-62/oneframe-coat-40-47-20260725/frames/frame-40.png,5c5391764974903a2be9357993d2b302065a1282e92f399e3de9df278d00fb98,docs/art-source/ferret-albino/motion-source/accepted-frames/set00/frame-40.png,5c5391764974903a2be9357993d2b302065a1282e92f399e3de9df278d00fb98,true,docs/art-source/one-frame-method-fullrun-20260724/ferret-albino-set00-oneframe-62/oneframe-coat-40-47-20260725/attempts/frame-40/a01/verdict.json,docs/art-source/ferret-albino/motion-source/qa/parent-verdict-set00.md
41,creep,a01,docs/art-source/one-frame-method-fullrun-20260724/ferret-albino-set00-oneframe-62/oneframe-coat-40-47-20260725,E:/Development/AnimalDesktop-asset-archives/20260724-ferret-three-variants/ferret-albino-set00-oneframe-62/oneframe-coat-40-47-20260725,docs/art-source/one-frame-method-fullrun-20260724/ferret-albino-set00-oneframe-62/oneframe-coat-40-47-20260725/attempts/frame-41/a01/prompt.txt,72d18aac5fee00ca8c4755d3f863d688ca368890f342db9919105b4b9d44e842,C:/Users/User/.codex/generated_images/019f90f4-29ad-79d1-a72d-f5e73c495bc8/call_TiXKE30miev3uFQK5L3kJapI.png,31f51264248940d35f3ac6dad665a42ca90c8de816827055b4585ee9e1e7af0a,docs/art-source/one-frame-method-fullrun-20260724/ferret-albino-set00-oneframe-62/oneframe-coat-40-47-20260725/attempts/frame-41/a01/raw/frame-41.png,31f51264248940d35f3ac6dad665a42ca90c8de816827055b4585ee9e1e7af0a,docs/art-source/one-frame-method-fullrun-20260724/ferret-albino-set00-oneframe-62/oneframe-coat-40-47-20260725/attempts/frame-41/a01/alpha/frame-41.png,9b13dfe2b8d65c70a108947c154b772598977f65ee722ce81245b0c442573748,docs/art-source/one-frame-method-fullrun-20260724/ferret-albino-set00-oneframe-62/oneframe-coat-40-47-20260725/frames/frame-41.png,9b13dfe2b8d65c70a108947c154b772598977f65ee722ce81245b0c442573748,docs/art-source/ferret-albino/motion-source/accepted-frames/set00/frame-41.png,9b13dfe2b8d65c70a108947c154b772598977f65ee722ce81245b0c442573748,true,docs/art-source/one-frame-method-fullrun-20260724/ferret-albino-set00-oneframe-62/oneframe-coat-40-47-20260725/attempts/frame-41/a01/verdict.json,docs/art-source/ferret-albino/motion-source/qa/parent-verdict-set00.md
42,creep,a01,docs/art-source/one-frame-method-fullrun-20260724/ferret-albino-set00-oneframe-62/oneframe-coat-40-47-20260725,E:/Development/AnimalDesktop-asset-archives/20260724-ferret-three-variants/ferret-albino-set00-oneframe-62/oneframe-coat-40-47-20260725,docs/art-source/one-frame-method-fullrun-20260724/ferret-albino-set00-oneframe-62/oneframe-coat-40-47-20260725/attempts/frame-42/a01/prompt.txt,c7294634de79632c913e299867f8c6247a53887905a68e8e82785bfdeaa6a19e,C:/Users/User/.codex/generated_images/019f90f4-29ad-79d1-a72d-f5e73c495bc8/call_uXj5PHxCIuzp22qEzIosxwBy.png,3533abdac0684dcc0ace33a33835b891ee82400f1dbef4082eac709a984aab13,docs/art-source/one-frame-method-fullrun-20260724/ferret-albino-set00-oneframe-62/oneframe-coat-40-47-20260725/attempts/frame-42/a01/raw/frame-42.png,3533abdac0684dcc0ace33a33835b891ee82400f1dbef4082eac709a984aab13,docs/art-source/one-frame-method-fullrun-20260724/ferret-albino-set00-oneframe-62/oneframe-coat-40-47-20260725/attempts/frame-42/a01/alpha/frame-42.png,d495c4ea02ae6ec035c4cea634c6b3a45cc9f02ed08ade2882d600fba3acf0e8,docs/art-source/one-frame-method-fullrun-20260724/ferret-albino-set00-oneframe-62/oneframe-coat-40-47-20260725/frames/frame-42.png,d495c4ea02ae6ec035c4cea634c6b3a45cc9f02ed08ade2882d600fba3acf0e8,docs/art-source/ferret-albino/motion-source/accepted-frames/set00/frame-42.png,d495c4ea02ae6ec035c4cea634c6b3a45cc9f02ed08ade2882d600fba3acf0e8,true,docs/art-source/one-frame-method-fullrun-20260724/ferret-albino-set00-oneframe-62/oneframe-coat-40-47-20260725/attempts/frame-42/a01/verdict.json,docs/art-source/ferret-albino/motion-source/qa/parent-verdict-set00.md
43,creep,a01,docs/art-source/one-frame-method-fullrun-20260724/ferret-albino-set00-oneframe-62/oneframe-coat-40-47-20260725,E:/Development/AnimalDesktop-asset-archives/20260724-ferret-three-variants/ferret-albino-set00-oneframe-62/oneframe-coat-40-47-20260725,docs/art-source/one-frame-method-fullrun-20260724/ferret-albino-set00-oneframe-62/oneframe-coat-40-47-20260725/attempts/frame-43/a01/prompt.txt,6f138d0e0ba92d19d4d6e24e439a0025a443b021f3a5df3f9f123fda2a779d13,C:/Users/User/.codex/generated_images/019f90f4-29ad-79d1-a72d-f5e73c495bc8/call_bE7omC522p6q5XghIqh4uB8k.png,9c2c161998f5c3301d44a487acd758c388e4bd24f6fb2fb4af97dc8488af5f4f,docs/art-source/one-frame-method-fullrun-20260724/ferret-albino-set00-oneframe-62/oneframe-coat-40-47-20260725/attempts/frame-43/a01/raw/frame-43.png,9c2c161998f5c3301d44a487acd758c388e4bd24f6fb2fb4af97dc8488af5f4f,docs/art-source/one-frame-method-fullrun-20260724/ferret-albino-set00-oneframe-62/oneframe-coat-40-47-20260725/attempts/frame-43/a01/alpha/frame-43.png,72d528e768208cf4b06747e0ae98a51ed6936cdf6d46505c28e5b0c59b176a62,docs/art-source/one-frame-method-fullrun-20260724/ferret-albino-set00-oneframe-62/oneframe-coat-40-47-20260725/frames/frame-43.png,72d528e768208cf4b06747e0ae98a51ed6936cdf6d46505c28e5b0c59b176a62,docs/art-source/ferret-albino/motion-source/accepted-frames/set00/frame-43.png,72d528e768208cf4b06747e0ae98a51ed6936cdf6d46505c28e5b0c59b176a62,true,docs/art-source/one-frame-method-fullrun-20260724/ferret-albino-set00-oneframe-62/oneframe-coat-40-47-20260725/attempts/frame-43/a01/verdict.json,docs/art-source/ferret-albino/motion-source/qa/parent-verdict-set00.md
44,creep,a01,docs/art-source/one-frame-method-fullrun-20260724/ferret-albino-set00-oneframe-62/oneframe-coat-40-47-20260725,E:/Development/AnimalDesktop-asset-archives/20260724-ferret-three-variants/ferret-albino-set00-oneframe-62/oneframe-coat-40-47-20260725,docs/art-source/one-frame-method-fullrun-20260724/ferret-albino-set00-oneframe-62/oneframe-coat-40-47-20260725/attempts/frame-44/a01/prompt.txt,f98e75329bcebad8def055880e3ac9ab2c402c47fd3c699019ff2e2e29c70ec8,C:/Users/User/.codex/generated_images/019f90f4-29ad-79d1-a72d-f5e73c495bc8/call_bY2plwJZKZb1zNZA63JPcT3w.png,829c86a6201f6daaaf9c982db886c6bf6e3d25a13589d3b6c004406dfb05ecd5,docs/art-source/one-frame-method-fullrun-20260724/ferret-albino-set00-oneframe-62/oneframe-coat-40-47-20260725/attempts/frame-44/a01/raw/frame-44.png,829c86a6201f6daaaf9c982db886c6bf6e3d25a13589d3b6c004406dfb05ecd5,docs/art-source/one-frame-method-fullrun-20260724/ferret-albino-set00-oneframe-62/oneframe-coat-40-47-20260725/attempts/frame-44/a01/alpha/frame-44.png,6328ec7c12d8a5592ee5a95f2274e3df069e5925a7eca253ed974e22b8b5cfa8,docs/art-source/one-frame-method-fullrun-20260724/ferret-albino-set00-oneframe-62/oneframe-coat-40-47-20260725/frames/frame-44.png,6328ec7c12d8a5592ee5a95f2274e3df069e5925a7eca253ed974e22b8b5cfa8,docs/art-source/ferret-albino/motion-source/accepted-frames/set00/frame-44.png,6328ec7c12d8a5592ee5a95f2274e3df069e5925a7eca253ed974e22b8b5cfa8,true,docs/art-source/one-frame-method-fullrun-20260724/ferret-albino-set00-oneframe-62/oneframe-coat-40-47-20260725/attempts/frame-44/a01/verdict.json,docs/art-source/ferret-albino/motion-source/qa/parent-verdict-set00.md
45,creep,a01,docs/art-source/one-frame-method-fullrun-20260724/ferret-albino-set00-oneframe-62/oneframe-coat-40-47-20260725,E:/Development/AnimalDesktop-asset-archives/20260724-ferret-three-variants/ferret-albino-set00-oneframe-62/oneframe-coat-40-47-20260725,docs/art-source/one-frame-method-fullrun-20260724/ferret-albino-set00-oneframe-62/oneframe-coat-40-47-20260725/attempts/frame-45/a01/prompt.txt,faa68d6a87c0bbaa54958055c3bb654ad179ed37afdb7d18a5801c6a0a485ad2,C:/Users/User/.codex/generated_images/019f90f4-29ad-79d1-a72d-f5e73c495bc8/call_Ra06vo5OUcZNrlBiTjmh9SHD.png,255d0d577a51a4e92254e95a9a04448840e4942ff7f0120622b1b08480d49455,docs/art-source/one-frame-method-fullrun-20260724/ferret-albino-set00-oneframe-62/oneframe-coat-40-47-20260725/attempts/frame-45/a01/raw/frame-45.png,255d0d577a51a4e92254e95a9a04448840e4942ff7f0120622b1b08480d49455,docs/art-source/one-frame-method-fullrun-20260724/ferret-albino-set00-oneframe-62/oneframe-coat-40-47-20260725/attempts/frame-45/a01/alpha/frame-45.png,88c7a03a0cb7ec5e7f80e42d2ea84a06a379bf4f62084d02f22225fb190c0266,docs/art-source/one-frame-method-fullrun-20260724/ferret-albino-set00-oneframe-62/oneframe-coat-40-47-20260725/frames/frame-45.png,88c7a03a0cb7ec5e7f80e42d2ea84a06a379bf4f62084d02f22225fb190c0266,docs/art-source/ferret-albino/motion-source/accepted-frames/set00/frame-45.png,88c7a03a0cb7ec5e7f80e42d2ea84a06a379bf4f62084d02f22225fb190c0266,true,docs/art-source/one-frame-method-fullrun-20260724/ferret-albino-set00-oneframe-62/oneframe-coat-40-47-20260725/attempts/frame-45/a01/verdict.json,docs/art-source/ferret-albino/motion-source/qa/parent-verdict-set00.md
46,creep,a01,docs/art-source/one-frame-method-fullrun-20260724/ferret-albino-set00-oneframe-62/oneframe-coat-40-47-20260725,E:/Development/AnimalDesktop-asset-archives/20260724-ferret-three-variants/ferret-albino-set00-oneframe-62/oneframe-coat-40-47-20260725,docs/art-source/one-frame-method-fullrun-20260724/ferret-albino-set00-oneframe-62/oneframe-coat-40-47-20260725/attempts/frame-46/a01/prompt.txt,de6204dc9cdcf72a0d2e71f181d11864b0206e164256baf09f7e1bfd1cee5ec3,C:/Users/User/.codex/generated_images/019f90f4-29ad-79d1-a72d-f5e73c495bc8/call_YhYfFb2iqwWrqexp3OjW2Pbh.png,c566e806d50219e3bd4008be0a7984384b0c5dbda684629f33868b5b342d71be,docs/art-source/one-frame-method-fullrun-20260724/ferret-albino-set00-oneframe-62/oneframe-coat-40-47-20260725/attempts/frame-46/a01/raw/frame-46.png,c566e806d50219e3bd4008be0a7984384b0c5dbda684629f33868b5b342d71be,docs/art-source/one-frame-method-fullrun-20260724/ferret-albino-set00-oneframe-62/oneframe-coat-40-47-20260725/attempts/frame-46/a01/alpha/frame-46.png,4d79eaeca1fd273eb2f603098fd9d60980817fcfac09ea51a402634bf23e44d0,docs/art-source/one-frame-method-fullrun-20260724/ferret-albino-set00-oneframe-62/oneframe-coat-40-47-20260725/frames/frame-46.png,4d79eaeca1fd273eb2f603098fd9d60980817fcfac09ea51a402634bf23e44d0,docs/art-source/ferret-albino/motion-source/accepted-frames/set00/frame-46.png,4d79eaeca1fd273eb2f603098fd9d60980817fcfac09ea51a402634bf23e44d0,true,docs/art-source/one-frame-method-fullrun-20260724/ferret-albino-set00-oneframe-62/oneframe-coat-40-47-20260725/attempts/frame-46/a01/verdict.json,docs/art-source/ferret-albino/motion-source/qa/parent-verdict-set00.md
47,creep,a01,docs/art-source/one-frame-method-fullrun-20260724/ferret-albino-set00-oneframe-62/oneframe-coat-40-47-20260725,E:/Development/AnimalDesktop-asset-archives/20260724-ferret-three-variants/ferret-albino-set00-oneframe-62/oneframe-coat-40-47-20260725,docs/art-source/one-frame-method-fullrun-20260724/ferret-albino-set00-oneframe-62/oneframe-coat-40-47-20260725/attempts/frame-47/a01/prompt.txt,09af6b1e220efb02c8c23040b62f5f2bd4ca650b1160c975c42733e42dc5be44,C:/Users/User/.codex/generated_images/019f90f4-29ad-79d1-a72d-f5e73c495bc8/call_nRLhbZ2bye3o5Th8AsLihRvr.png,c0ceb263231786392a3d441dca2aebe921de3af740852e3fa7c3c746ef23f1eb,docs/art-source/one-frame-method-fullrun-20260724/ferret-albino-set00-oneframe-62/oneframe-coat-40-47-20260725/attempts/frame-47/a01/raw/frame-47.png,c0ceb263231786392a3d441dca2aebe921de3af740852e3fa7c3c746ef23f1eb,docs/art-source/one-frame-method-fullrun-20260724/ferret-albino-set00-oneframe-62/oneframe-coat-40-47-20260725/attempts/frame-47/a01/alpha/frame-47.png,c38192684e4ae1bfc7d1c9098f4166e94d4a8ae67674da26af427e7604a44481,docs/art-source/one-frame-method-fullrun-20260724/ferret-albino-set00-oneframe-62/oneframe-coat-40-47-20260725/frames/frame-47.png,c38192684e4ae1bfc7d1c9098f4166e94d4a8ae67674da26af427e7604a44481,docs/art-source/ferret-albino/motion-source/accepted-frames/set00/frame-47.png,c38192684e4ae1bfc7d1c9098f4166e94d4a8ae67674da26af427e7604a44481,true,docs/art-source/one-frame-method-fullrun-20260724/ferret-albino-set00-oneframe-62/oneframe-coat-40-47-20260725/attempts/frame-47/a01/verdict.json,docs/art-source/ferret-albino/motion-source/qa/parent-verdict-set00.md
48,rest,a01,docs/art-source/one-frame-method-fullrun-20260724/ferret-albino-set00-oneframe-62/oneframe-coat-48-55-20260725,E:/Development/AnimalDesktop-asset-archives/20260724-ferret-three-variants/ferret-albino-set00-oneframe-62/oneframe-coat-48-55-20260725,docs/art-source/one-frame-method-fullrun-20260724/ferret-albino-set00-oneframe-62/oneframe-coat-48-55-20260725/attempts/frame-48/a01/prompt.txt,fc84561bc6ce708b03fb3d926e010b7a54050780540ff6d1612989c7453c1c80,C:/Users/User/.codex/generated_images/019f90f4-29ad-79d1-a72d-f5e73c495bc8/call_lJKZiUagG5wfoGztCR2cLZFQ.png,55d5513d6cc57cd625cf95eff4d7d0a8b8a1b6479020e089d18519cb08602f09,docs/art-source/one-frame-method-fullrun-20260724/ferret-albino-set00-oneframe-62/oneframe-coat-48-55-20260725/attempts/frame-48/a01/raw/frame-48.png,55d5513d6cc57cd625cf95eff4d7d0a8b8a1b6479020e089d18519cb08602f09,docs/art-source/one-frame-method-fullrun-20260724/ferret-albino-set00-oneframe-62/oneframe-coat-48-55-20260725/attempts/frame-48/a01/alpha/frame-48.png,a07570d5d9ec11d5e74729a7f99d344f8f5ced27adff45bf920d0b754b72ddce,docs/art-source/one-frame-method-fullrun-20260724/ferret-albino-set00-oneframe-62/oneframe-coat-48-55-20260725/frames/frame-48.png,a07570d5d9ec11d5e74729a7f99d344f8f5ced27adff45bf920d0b754b72ddce,docs/art-source/ferret-albino/motion-source/accepted-frames/set00/frame-48.png,a07570d5d9ec11d5e74729a7f99d344f8f5ced27adff45bf920d0b754b72ddce,true,docs/art-source/one-frame-method-fullrun-20260724/ferret-albino-set00-oneframe-62/oneframe-coat-48-55-20260725/attempts/frame-48/a01/verdict.json,docs/art-source/ferret-albino/motion-source/qa/parent-verdict-set00.md
49,rest,a01,docs/art-source/one-frame-method-fullrun-20260724/ferret-albino-set00-oneframe-62/oneframe-coat-48-55-20260725,E:/Development/AnimalDesktop-asset-archives/20260724-ferret-three-variants/ferret-albino-set00-oneframe-62/oneframe-coat-48-55-20260725,docs/art-source/one-frame-method-fullrun-20260724/ferret-albino-set00-oneframe-62/oneframe-coat-48-55-20260725/attempts/frame-49/a01/prompt.txt,d93dc3ffc6dd9f5ec0f5a20eeb730f0b4924bc96d5127be90d74a4165aa73fbf,C:/Users/User/.codex/generated_images/019f90f4-29ad-79d1-a72d-f5e73c495bc8/call_MWJD0DPIJQv6ARoFkKnwTeJP.png,85481a93d08611d3df47ee1edb0fd7a87d1790e3636ebe1bc5ca5e91d79e91ff,docs/art-source/one-frame-method-fullrun-20260724/ferret-albino-set00-oneframe-62/oneframe-coat-48-55-20260725/attempts/frame-49/a01/raw/frame-49.png,85481a93d08611d3df47ee1edb0fd7a87d1790e3636ebe1bc5ca5e91d79e91ff,docs/art-source/one-frame-method-fullrun-20260724/ferret-albino-set00-oneframe-62/oneframe-coat-48-55-20260725/attempts/frame-49/a01/alpha/frame-49.png,988b91a4df53b5aaa02668edde84dfccb20d51e990efce328aaccc623d934952,docs/art-source/one-frame-method-fullrun-20260724/ferret-albino-set00-oneframe-62/oneframe-coat-48-55-20260725/frames/frame-49.png,988b91a4df53b5aaa02668edde84dfccb20d51e990efce328aaccc623d934952,docs/art-source/ferret-albino/motion-source/accepted-frames/set00/frame-49.png,988b91a4df53b5aaa02668edde84dfccb20d51e990efce328aaccc623d934952,true,docs/art-source/one-frame-method-fullrun-20260724/ferret-albino-set00-oneframe-62/oneframe-coat-48-55-20260725/attempts/frame-49/a01/verdict.json,docs/art-source/ferret-albino/motion-source/qa/parent-verdict-set00.md
50,rest,a01,docs/art-source/one-frame-method-fullrun-20260724/ferret-albino-set00-oneframe-62/oneframe-coat-48-55-20260725,E:/Development/AnimalDesktop-asset-archives/20260724-ferret-three-variants/ferret-albino-set00-oneframe-62/oneframe-coat-48-55-20260725,docs/art-source/one-frame-method-fullrun-20260724/ferret-albino-set00-oneframe-62/oneframe-coat-48-55-20260725/attempts/frame-50/a01/prompt.txt,b81021474c02b37d3c2b0640926ffe262728d0283581bb06c598e0497e2a334b,C:/Users/User/.codex/generated_images/019f90f4-29ad-79d1-a72d-f5e73c495bc8/call_pPzoP9gyaO3SFGmYrW16cjan.png,236a5cb32a02a3118fd3dac7cc61429563afc4666f9177d615c7f3f2e8b21b10,docs/art-source/one-frame-method-fullrun-20260724/ferret-albino-set00-oneframe-62/oneframe-coat-48-55-20260725/attempts/frame-50/a01/raw/frame-50.png,236a5cb32a02a3118fd3dac7cc61429563afc4666f9177d615c7f3f2e8b21b10,docs/art-source/one-frame-method-fullrun-20260724/ferret-albino-set00-oneframe-62/oneframe-coat-48-55-20260725/attempts/frame-50/a01/alpha/frame-50.png,79b48c218af7c16bced1a83ac1fd5dc78e8f8e323f15c1bf4f9ddb060f94716c,docs/art-source/one-frame-method-fullrun-20260724/ferret-albino-set00-oneframe-62/oneframe-coat-48-55-20260725/frames/frame-50.png,79b48c218af7c16bced1a83ac1fd5dc78e8f8e323f15c1bf4f9ddb060f94716c,docs/art-source/ferret-albino/motion-source/accepted-frames/set00/frame-50.png,79b48c218af7c16bced1a83ac1fd5dc78e8f8e323f15c1bf4f9ddb060f94716c,true,docs/art-source/one-frame-method-fullrun-20260724/ferret-albino-set00-oneframe-62/oneframe-coat-48-55-20260725/attempts/frame-50/a01/verdict.json,docs/art-source/ferret-albino/motion-source/qa/parent-verdict-set00.md
51,rest,a01,docs/art-source/one-frame-method-fullrun-20260724/ferret-albino-set00-oneframe-62/oneframe-coat-48-55-20260725,E:/Development/AnimalDesktop-asset-archives/20260724-ferret-three-variants/ferret-albino-set00-oneframe-62/oneframe-coat-48-55-20260725,docs/art-source/one-frame-method-fullrun-20260724/ferret-albino-set00-oneframe-62/oneframe-coat-48-55-20260725/attempts/frame-51/a01/prompt.txt,0429fcaf496173741521b9023f183a9365e885ef57be2bd4745dbfcc5c403e06,C:/Users/User/.codex/generated_images/019f90f4-29ad-79d1-a72d-f5e73c495bc8/call_kwgS9bIYxX3wINBzAgPfUtB3.png,6397cfc3979da4d61eb924eab0ba413de61c9960bdeea1ac290395f9307074c1,docs/art-source/one-frame-method-fullrun-20260724/ferret-albino-set00-oneframe-62/oneframe-coat-48-55-20260725/attempts/frame-51/a01/raw/frame-51.png,6397cfc3979da4d61eb924eab0ba413de61c9960bdeea1ac290395f9307074c1,docs/art-source/one-frame-method-fullrun-20260724/ferret-albino-set00-oneframe-62/oneframe-coat-48-55-20260725/attempts/frame-51/a01/alpha/frame-51.png,c3ed21ae254b9f389858be8539a5d2abcd70ad53a4634dcfdeace153afdb4485,docs/art-source/one-frame-method-fullrun-20260724/ferret-albino-set00-oneframe-62/oneframe-coat-48-55-20260725/frames/frame-51.png,c3ed21ae254b9f389858be8539a5d2abcd70ad53a4634dcfdeace153afdb4485,docs/art-source/ferret-albino/motion-source/accepted-frames/set00/frame-51.png,c3ed21ae254b9f389858be8539a5d2abcd70ad53a4634dcfdeace153afdb4485,true,docs/art-source/one-frame-method-fullrun-20260724/ferret-albino-set00-oneframe-62/oneframe-coat-48-55-20260725/attempts/frame-51/a01/verdict.json,docs/art-source/ferret-albino/motion-source/qa/parent-verdict-set00.md
52,rest,a03,docs/art-source/one-frame-method-fullrun-20260724/ferret-albino-set00-oneframe-62/oneframe-coat-48-55-20260725,E:/Development/AnimalDesktop-asset-archives/20260724-ferret-three-variants/ferret-albino-set00-oneframe-62/oneframe-coat-48-55-20260725,docs/art-source/one-frame-method-fullrun-20260724/ferret-albino-set00-oneframe-62/oneframe-coat-48-55-20260725/attempts/frame-52/a03/prompt.txt,503f1441761be158b7724aa121d46709fba22ae19b4e58bcd3e7acc3de68eeb9,C:/Users/User/.codex/generated_images/019f90f4-29ad-79d1-a72d-f5e73c495bc8/call_MIhuefMpszYKmL0w5XUn3JSC.png,2b88a3a83f43cc9eac905532014d736449cd19d0103357fb8e0d388fe742f87d,docs/art-source/one-frame-method-fullrun-20260724/ferret-albino-set00-oneframe-62/oneframe-coat-48-55-20260725/attempts/frame-52/a03/raw/frame-52.png,2b88a3a83f43cc9eac905532014d736449cd19d0103357fb8e0d388fe742f87d,docs/art-source/one-frame-method-fullrun-20260724/ferret-albino-set00-oneframe-62/oneframe-coat-48-55-20260725/attempts/frame-52/a03/alpha/frame-52.png,7f37867351b813e2025629dccbd73f2592a02d75e2960caf3d1c68713dabf260,docs/art-source/one-frame-method-fullrun-20260724/ferret-albino-set00-oneframe-62/oneframe-coat-48-55-20260725/frames/frame-52.png,7f37867351b813e2025629dccbd73f2592a02d75e2960caf3d1c68713dabf260,docs/art-source/ferret-albino/motion-source/accepted-frames/set00/frame-52.png,7f37867351b813e2025629dccbd73f2592a02d75e2960caf3d1c68713dabf260,true,docs/art-source/one-frame-method-fullrun-20260724/ferret-albino-set00-oneframe-62/oneframe-coat-48-55-20260725/attempts/frame-52/a03/verdict.json,docs/art-source/ferret-albino/motion-source/qa/parent-verdict-set00.md
53,rest,a01,docs/art-source/one-frame-method-fullrun-20260724/ferret-albino-set00-oneframe-62/oneframe-coat-48-55-20260725,E:/Development/AnimalDesktop-asset-archives/20260724-ferret-three-variants/ferret-albino-set00-oneframe-62/oneframe-coat-48-55-20260725,docs/art-source/one-frame-method-fullrun-20260724/ferret-albino-set00-oneframe-62/oneframe-coat-48-55-20260725/attempts/frame-53/a01/prompt.txt,fde6db2d0da1164070e737ade1dfb40ae4fd2a4fc46f6d5c1d533210994387ea,C:/Users/User/.codex/generated_images/019f90f4-29ad-79d1-a72d-f5e73c495bc8/call_r7poX16RJKz1gTnzvI6Dy57s.png,4eda3e6522785aa1ce49020d2aae904d60b6ffae2679060ccf5c79057c8726b2,docs/art-source/one-frame-method-fullrun-20260724/ferret-albino-set00-oneframe-62/oneframe-coat-48-55-20260725/attempts/frame-53/a01/raw/frame-53.png,4eda3e6522785aa1ce49020d2aae904d60b6ffae2679060ccf5c79057c8726b2,docs/art-source/one-frame-method-fullrun-20260724/ferret-albino-set00-oneframe-62/oneframe-coat-48-55-20260725/attempts/frame-53/a01/alpha/frame-53.png,df7019151e5114b97bf5ecec3e8d76c225446b69ef8aa68726fa67202a38ffef,docs/art-source/one-frame-method-fullrun-20260724/ferret-albino-set00-oneframe-62/oneframe-coat-48-55-20260725/frames/frame-53.png,df7019151e5114b97bf5ecec3e8d76c225446b69ef8aa68726fa67202a38ffef,docs/art-source/ferret-albino/motion-source/accepted-frames/set00/frame-53.png,df7019151e5114b97bf5ecec3e8d76c225446b69ef8aa68726fa67202a38ffef,true,docs/art-source/one-frame-method-fullrun-20260724/ferret-albino-set00-oneframe-62/oneframe-coat-48-55-20260725/attempts/frame-53/a01/verdict.json,docs/art-source/ferret-albino/motion-source/qa/parent-verdict-set00.md
54,rest,a01,docs/art-source/one-frame-method-fullrun-20260724/ferret-albino-set00-oneframe-62/oneframe-coat-48-55-20260725,E:/Development/AnimalDesktop-asset-archives/20260724-ferret-three-variants/ferret-albino-set00-oneframe-62/oneframe-coat-48-55-20260725,docs/art-source/one-frame-method-fullrun-20260724/ferret-albino-set00-oneframe-62/oneframe-coat-48-55-20260725/attempts/frame-54/a01/prompt.txt,d8e2f8e7f45d77d81fb8789f2e3f82926c2657eaa669eaa554fd920821e54599,C:/Users/User/.codex/generated_images/019f90f4-29ad-79d1-a72d-f5e73c495bc8/call_ESdJFSVIQvfFsNzIvApKcNiV.png,9f5d26a3653546b26f56d9721bebab0b5507a2027bdfc7095b0ed8095dcac3c4,docs/art-source/one-frame-method-fullrun-20260724/ferret-albino-set00-oneframe-62/oneframe-coat-48-55-20260725/attempts/frame-54/a01/raw/frame-54.png,9f5d26a3653546b26f56d9721bebab0b5507a2027bdfc7095b0ed8095dcac3c4,docs/art-source/one-frame-method-fullrun-20260724/ferret-albino-set00-oneframe-62/oneframe-coat-48-55-20260725/attempts/frame-54/a01/alpha/frame-54.png,ff186c9effbec18e3564e64933d100a75a6ac743ad208715170445219d483961,docs/art-source/one-frame-method-fullrun-20260724/ferret-albino-set00-oneframe-62/oneframe-coat-48-55-20260725/frames/frame-54.png,ff186c9effbec18e3564e64933d100a75a6ac743ad208715170445219d483961,docs/art-source/ferret-albino/motion-source/accepted-frames/set00/frame-54.png,ff186c9effbec18e3564e64933d100a75a6ac743ad208715170445219d483961,true,docs/art-source/one-frame-method-fullrun-20260724/ferret-albino-set00-oneframe-62/oneframe-coat-48-55-20260725/attempts/frame-54/a01/verdict.json,docs/art-source/ferret-albino/motion-source/qa/parent-verdict-set00.md
55,rest,a01,docs/art-source/one-frame-method-fullrun-20260724/ferret-albino-set00-oneframe-62/oneframe-coat-48-55-20260725,E:/Development/AnimalDesktop-asset-archives/20260724-ferret-three-variants/ferret-albino-set00-oneframe-62/oneframe-coat-48-55-20260725,docs/art-source/one-frame-method-fullrun-20260724/ferret-albino-set00-oneframe-62/oneframe-coat-48-55-20260725/attempts/frame-55/a01/prompt.txt,6b8de1fe8cf6ea753fcf09b08af39d24870af8aac270c321e5e3d423759ff9cd,C:/Users/User/.codex/generated_images/019f90f4-29ad-79d1-a72d-f5e73c495bc8/call_fJUB5lCOwnLAuAOZJKF3qStK.png,139596f3a24cbb80f2fc8c046ac8d98fbadcff6a132b9ff95c1f2e1f43fe23f7,docs/art-source/one-frame-method-fullrun-20260724/ferret-albino-set00-oneframe-62/oneframe-coat-48-55-20260725/attempts/frame-55/a01/raw/frame-55.png,139596f3a24cbb80f2fc8c046ac8d98fbadcff6a132b9ff95c1f2e1f43fe23f7,docs/art-source/one-frame-method-fullrun-20260724/ferret-albino-set00-oneframe-62/oneframe-coat-48-55-20260725/attempts/frame-55/a01/alpha/frame-55.png,3fbba61b518d6bfa0e067ead650e38f9cc55f5933090838c05ec6a39281aa571,docs/art-source/one-frame-method-fullrun-20260724/ferret-albino-set00-oneframe-62/oneframe-coat-48-55-20260725/frames/frame-55.png,3fbba61b518d6bfa0e067ead650e38f9cc55f5933090838c05ec6a39281aa571,docs/art-source/ferret-albino/motion-source/accepted-frames/set00/frame-55.png,3fbba61b518d6bfa0e067ead650e38f9cc55f5933090838c05ec6a39281aa571,true,docs/art-source/one-frame-method-fullrun-20260724/ferret-albino-set00-oneframe-62/oneframe-coat-48-55-20260725/attempts/frame-55/a01/verdict.json,docs/art-source/ferret-albino/motion-source/qa/parent-verdict-set00.md
56,alert,a01,docs/art-source/one-frame-method-fullrun-20260724/ferret-albino-set00-oneframe-62/oneframe-coat-56-61-20260726,E:/Development/AnimalDesktop-asset-archives/20260724-ferret-three-variants/ferret-albino-set00-oneframe-62/oneframe-coat-56-61-20260726,docs/art-source/one-frame-method-fullrun-20260724/ferret-albino-set00-oneframe-62/oneframe-coat-56-61-20260726/attempts/frame-56/a01/prompt.txt,769674982d378f4d0033835638c8c432ed94f9df643988d99ded7472d40c0f81,C:/Users/User/.codex/generated_images/019f90f4-29ad-79d1-a72d-f5e73c495bc8/call_EjEyGBKFIx7Lw9Jq9YiY6IUP.png,50d76cdac7ffea6ff56d11e5bbb9ad7bcf08f2d79c14edda66dfa27eeb6e5d60,docs/art-source/one-frame-method-fullrun-20260724/ferret-albino-set00-oneframe-62/oneframe-coat-56-61-20260726/attempts/frame-56/a01/raw/frame-56.png,50d76cdac7ffea6ff56d11e5bbb9ad7bcf08f2d79c14edda66dfa27eeb6e5d60,docs/art-source/one-frame-method-fullrun-20260724/ferret-albino-set00-oneframe-62/oneframe-coat-56-61-20260726/attempts/frame-56/a01/alpha/frame-56.png,81fcee3999a148340d3af0b60bf0e955d4d5c5779d551195c69f829a160dfd38,docs/art-source/one-frame-method-fullrun-20260724/ferret-albino-set00-oneframe-62/oneframe-coat-56-61-20260726/frames/frame-56.png,81fcee3999a148340d3af0b60bf0e955d4d5c5779d551195c69f829a160dfd38,docs/art-source/ferret-albino/motion-source/accepted-frames/set00/frame-56.png,81fcee3999a148340d3af0b60bf0e955d4d5c5779d551195c69f829a160dfd38,true,docs/art-source/one-frame-method-fullrun-20260724/ferret-albino-set00-oneframe-62/oneframe-coat-56-61-20260726/attempts/frame-56/a01/verdict.json,docs/art-source/ferret-albino/motion-source/qa/parent-verdict-set00.md
57,alert,a01,docs/art-source/one-frame-method-fullrun-20260724/ferret-albino-set00-oneframe-62/oneframe-coat-56-61-20260726,E:/Development/AnimalDesktop-asset-archives/20260724-ferret-three-variants/ferret-albino-set00-oneframe-62/oneframe-coat-56-61-20260726,docs/art-source/one-frame-method-fullrun-20260724/ferret-albino-set00-oneframe-62/oneframe-coat-56-61-20260726/attempts/frame-57/a01/prompt.txt,fc8ed0883625b27a43c6b21a88a7b0eb026b79e944ef016178f93507aa3cf937,C:/Users/User/.codex/generated_images/019f90f4-29ad-79d1-a72d-f5e73c495bc8/call_N8RiJGyjkYs5DK20Y0IUE8CJ.png,c8c64b22005d1978859d42c54bb5aee92bbaf38ad946feed5b9085ecbc19da03,docs/art-source/one-frame-method-fullrun-20260724/ferret-albino-set00-oneframe-62/oneframe-coat-56-61-20260726/attempts/frame-57/a01/raw/frame-57.png,c8c64b22005d1978859d42c54bb5aee92bbaf38ad946feed5b9085ecbc19da03,docs/art-source/one-frame-method-fullrun-20260724/ferret-albino-set00-oneframe-62/oneframe-coat-56-61-20260726/attempts/frame-57/a01/alpha/frame-57.png,f605ba6cbec6e0bcb02361c32aa9694d8512dda2aabbad4ba6469410dd3bfab2,docs/art-source/one-frame-method-fullrun-20260724/ferret-albino-set00-oneframe-62/oneframe-coat-56-61-20260726/frames/frame-57.png,f605ba6cbec6e0bcb02361c32aa9694d8512dda2aabbad4ba6469410dd3bfab2,docs/art-source/ferret-albino/motion-source/accepted-frames/set00/frame-57.png,f605ba6cbec6e0bcb02361c32aa9694d8512dda2aabbad4ba6469410dd3bfab2,true,docs/art-source/one-frame-method-fullrun-20260724/ferret-albino-set00-oneframe-62/oneframe-coat-56-61-20260726/attempts/frame-57/a01/verdict.json,docs/art-source/ferret-albino/motion-source/qa/parent-verdict-set00.md
58,alert,a01,docs/art-source/one-frame-method-fullrun-20260724/ferret-albino-set00-oneframe-62/oneframe-coat-56-61-20260726,E:/Development/AnimalDesktop-asset-archives/20260724-ferret-three-variants/ferret-albino-set00-oneframe-62/oneframe-coat-56-61-20260726,docs/art-source/one-frame-method-fullrun-20260724/ferret-albino-set00-oneframe-62/oneframe-coat-56-61-20260726/attempts/frame-58/a01/prompt.txt,4c701dfd0988b06b8655f993ea4104d3b85cc3ce771ec29babad4c44b0f214c9,C:/Users/User/.codex/generated_images/019f90f4-29ad-79d1-a72d-f5e73c495bc8/call_Bf3m96S9UxCsWP3ii1UyMaDd.png,9781006ed78f9ab49dc26ec17985b2541ed0c75f3d0b21b4edaa6017365ab522,docs/art-source/one-frame-method-fullrun-20260724/ferret-albino-set00-oneframe-62/oneframe-coat-56-61-20260726/attempts/frame-58/a01/raw/frame-58.png,9781006ed78f9ab49dc26ec17985b2541ed0c75f3d0b21b4edaa6017365ab522,docs/art-source/one-frame-method-fullrun-20260724/ferret-albino-set00-oneframe-62/oneframe-coat-56-61-20260726/attempts/frame-58/a01/alpha/frame-58.png,5c5963109a77218deb8fb08dda16f176d66d24017c479a1b3072e7ac02b477d9,docs/art-source/one-frame-method-fullrun-20260724/ferret-albino-set00-oneframe-62/oneframe-coat-56-61-20260726/frames/frame-58.png,5c5963109a77218deb8fb08dda16f176d66d24017c479a1b3072e7ac02b477d9,docs/art-source/ferret-albino/motion-source/accepted-frames/set00/frame-58.png,5c5963109a77218deb8fb08dda16f176d66d24017c479a1b3072e7ac02b477d9,true,docs/art-source/one-frame-method-fullrun-20260724/ferret-albino-set00-oneframe-62/oneframe-coat-56-61-20260726/attempts/frame-58/a01/verdict.json,docs/art-source/ferret-albino/motion-source/qa/parent-verdict-set00.md
59,alert,a01,docs/art-source/one-frame-method-fullrun-20260724/ferret-albino-set00-oneframe-62/oneframe-coat-56-61-20260726,E:/Development/AnimalDesktop-asset-archives/20260724-ferret-three-variants/ferret-albino-set00-oneframe-62/oneframe-coat-56-61-20260726,docs/art-source/one-frame-method-fullrun-20260724/ferret-albino-set00-oneframe-62/oneframe-coat-56-61-20260726/attempts/frame-59/a01/prompt.txt,b3f47ca85b403a22283f3a17a808a9629862a0c4166483cda6c800f2df5ffce5,C:/Users/User/.codex/generated_images/019f90f4-29ad-79d1-a72d-f5e73c495bc8/call_7QZWIe8O7VaTvyrhCXUrmLDG.png,6c46f2bf04d9bf76849492ebe3eec2390feae454d0c34db5d2f45e011e48f317,docs/art-source/one-frame-method-fullrun-20260724/ferret-albino-set00-oneframe-62/oneframe-coat-56-61-20260726/attempts/frame-59/a01/raw/frame-59.png,6c46f2bf04d9bf76849492ebe3eec2390feae454d0c34db5d2f45e011e48f317,docs/art-source/one-frame-method-fullrun-20260724/ferret-albino-set00-oneframe-62/oneframe-coat-56-61-20260726/attempts/frame-59/a01/alpha/frame-59.png,6d9b426cc4371324a13d829804e2ef6ccdbdf34a43ebf7f7f9213f0988535196,docs/art-source/one-frame-method-fullrun-20260724/ferret-albino-set00-oneframe-62/oneframe-coat-56-61-20260726/frames/frame-59.png,6d9b426cc4371324a13d829804e2ef6ccdbdf34a43ebf7f7f9213f0988535196,docs/art-source/ferret-albino/motion-source/accepted-frames/set00/frame-59.png,6d9b426cc4371324a13d829804e2ef6ccdbdf34a43ebf7f7f9213f0988535196,true,docs/art-source/one-frame-method-fullrun-20260724/ferret-albino-set00-oneframe-62/oneframe-coat-56-61-20260726/attempts/frame-59/a01/verdict.json,docs/art-source/ferret-albino/motion-source/qa/parent-verdict-set00.md
60,alert,a02,docs/art-source/one-frame-method-fullrun-20260724/ferret-albino-set00-oneframe-62/oneframe-coat-56-61-20260726,E:/Development/AnimalDesktop-asset-archives/20260724-ferret-three-variants/ferret-albino-set00-oneframe-62/oneframe-coat-56-61-20260726,docs/art-source/one-frame-method-fullrun-20260724/ferret-albino-set00-oneframe-62/oneframe-coat-56-61-20260726/attempts/frame-60/a02/prompt.txt,6e8761421e6b1bf40acac4e675630cbf06daefe9bca69f6aef107d3d286efe27,C:/Users/User/.codex/generated_images/019f90f4-29ad-79d1-a72d-f5e73c495bc8/call_k4e0OVeDWbQ2qe8iYI5l6Wyl.png,0518e2779a58743c6e1e6464e49a843bc0d7e9cf31a4bff7e401ff0de05513c5,docs/art-source/one-frame-method-fullrun-20260724/ferret-albino-set00-oneframe-62/oneframe-coat-56-61-20260726/attempts/frame-60/a02/raw/frame-60.png,0518e2779a58743c6e1e6464e49a843bc0d7e9cf31a4bff7e401ff0de05513c5,docs/art-source/one-frame-method-fullrun-20260724/ferret-albino-set00-oneframe-62/oneframe-coat-56-61-20260726/attempts/frame-60/a02/alpha/frame-60.png,ff04566f62020107ec29cf0fcb494e06b2780eb1add829f06b24934912052162,docs/art-source/one-frame-method-fullrun-20260724/ferret-albino-set00-oneframe-62/oneframe-coat-56-61-20260726/frames/frame-60.png,ff04566f62020107ec29cf0fcb494e06b2780eb1add829f06b24934912052162,docs/art-source/ferret-albino/motion-source/accepted-frames/set00/frame-60.png,ff04566f62020107ec29cf0fcb494e06b2780eb1add829f06b24934912052162,true,docs/art-source/one-frame-method-fullrun-20260724/ferret-albino-set00-oneframe-62/oneframe-coat-56-61-20260726/attempts/frame-60/a02/verdict.json,docs/art-source/ferret-albino/motion-source/qa/parent-verdict-set00.md
61,alert,a01,docs/art-source/one-frame-method-fullrun-20260724/ferret-albino-set00-oneframe-62/oneframe-coat-56-61-20260726,E:/Development/AnimalDesktop-asset-archives/20260724-ferret-three-variants/ferret-albino-set00-oneframe-62/oneframe-coat-56-61-20260726,docs/art-source/one-frame-method-fullrun-20260724/ferret-albino-set00-oneframe-62/oneframe-coat-56-61-20260726/attempts/frame-61/a01/prompt.txt,f5d4fed890184d40a074e2fd6dd02e4ef34e9c99134a1c8dae00ee3cff442bbd,C:/Users/User/.codex/generated_images/019f90f4-29ad-79d1-a72d-f5e73c495bc8/call_GDQfhgvJkp1Fv8lKXTIRJ0mM.png,827e9deb39cf3e44dc910b36f66c41f18ac385248d192c063ef68324f5d888e3,docs/art-source/one-frame-method-fullrun-20260724/ferret-albino-set00-oneframe-62/oneframe-coat-56-61-20260726/attempts/frame-61/a01/raw/frame-61.png,827e9deb39cf3e44dc910b36f66c41f18ac385248d192c063ef68324f5d888e3,docs/art-source/one-frame-method-fullrun-20260724/ferret-albino-set00-oneframe-62/oneframe-coat-56-61-20260726/attempts/frame-61/a01/alpha/frame-61.png,f4fd1acc156616c1c1989b5dc83d79c6eb2485b73ab6ca8b3dd2f49addfe94a0,docs/art-source/one-frame-method-fullrun-20260724/ferret-albino-set00-oneframe-62/oneframe-coat-56-61-20260726/frames/frame-61.png,f4fd1acc156616c1c1989b5dc83d79c6eb2485b73ab6ca8b3dd2f49addfe94a0,docs/art-source/ferret-albino/motion-source/accepted-frames/set00/frame-61.png,f4fd1acc156616c1c1989b5dc83d79c6eb2485b73ab6ca8b3dd2f49addfe94a0,true,docs/art-source/one-frame-method-fullrun-20260724/ferret-albino-set00-oneframe-62/oneframe-coat-56-61-20260726/attempts/frame-61/a01/verdict.json,docs/art-source/ferret-albino/motion-source/qa/parent-verdict-set00.md
