frame,action,winner_attempt,production_run_path_original,archive_run_path,prompt_path,prompt_sha256,source_imagegen_path,source_imagegen_sha256,raw_path,raw_sha256,alpha_path,alpha_sha256,winner_source_path,winner_sha256,accepted_path,accepted_sha256,source_equals_accepted,provenance_path,parent_gate_summary
00,idle,01,docs/art-source/one-frame-method-fullrun-20260724/ferret-sable-set00-oneframe-62/oneframe-coat-00-07-20260724,E:/Development/AnimalDesktop-asset-archives/20260724-ferret-three-variants/ferret-sable-set00-oneframe-62/oneframe-coat-00-07-20260724,docs/art-source/one-frame-method-fullrun-20260724/ferret-sable-set00-oneframe-62/oneframe-coat-00-07-20260724/prompts/frame-00-attempt-01.txt,441a80c2c543bed76e8deea26fc3e55970354d33692114112b9e4b1154939263,C:/Users/User/.codex/generated_images/019f9294-327f-7592-a014-99ee348d38f3/call_ndoOndW0hVYOelKRPSLHL38C.png,35cabf2fc8a34a42083c254606accada9eae86c300cc04da839fb79eeff0259b,docs/art-source/one-frame-method-fullrun-20260724/ferret-sable-set00-oneframe-62/oneframe-coat-00-07-20260724/attempts/frame-00/attempt-01/raw.png,35cabf2fc8a34a42083c254606accada9eae86c300cc04da839fb79eeff0259b,docs/art-source/one-frame-method-fullrun-20260724/ferret-sable-set00-oneframe-62/oneframe-coat-00-07-20260724/attempts/frame-00/attempt-01/alpha.png,0be68084ba64d73a17477987b39d9fb54dd9c7a16c34c072d045f2375cb60509,docs/art-source/one-frame-method-fullrun-20260724/ferret-sable-set00-oneframe-62/oneframe-coat-00-07-20260724/winners/frame-00.png,0be68084ba64d73a17477987b39d9fb54dd9c7a16c34c072d045f2375cb60509,docs/art-source/ferret-sable/motion-source/accepted-frames/set00/frame-00.png,0be68084ba64d73a17477987b39d9fb54dd9c7a16c34c072d045f2375cb60509,true,docs/art-source/one-frame-method-fullrun-20260724/ferret-sable-set00-oneframe-62/oneframe-coat-00-07-20260724/attempts/frame-00/attempt-01/provenance.json,docs/art-source/ferret-sable/motion-source/qa/parent-verdict-set00.md
01,idle,01,docs/art-source/one-frame-method-fullrun-20260724/ferret-sable-set00-oneframe-62/oneframe-coat-00-07-20260724,E:/Development/AnimalDesktop-asset-archives/20260724-ferret-three-variants/ferret-sable-set00-oneframe-62/oneframe-coat-00-07-20260724,docs/art-source/one-frame-method-fullrun-20260724/ferret-sable-set00-oneframe-62/oneframe-coat-00-07-20260724/prompts/frame-01-attempt-01.txt,41b974df49a52e4f11fc6a55fec198e08340fd7252e79d7a2af237af00b14614,C:/Users/User/.codex/generated_images/019f9294-327f-7592-a014-99ee348d38f3/call_zMXKmgVZ8OZbWyXveDOd9LKl.png,7db1aa974566d1114855882c3645dd26617b8d442fb92c62bc76f30e1c439657,docs/art-source/one-frame-method-fullrun-20260724/ferret-sable-set00-oneframe-62/oneframe-coat-00-07-20260724/attempts/frame-01/attempt-01/raw.png,7db1aa974566d1114855882c3645dd26617b8d442fb92c62bc76f30e1c439657,docs/art-source/one-frame-method-fullrun-20260724/ferret-sable-set00-oneframe-62/oneframe-coat-00-07-20260724/attempts/frame-01/attempt-01/alpha.png,7f48ff387362886498643860cf44c56178bc52afe231ecd5dff7f86f75a13506,docs/art-source/one-frame-method-fullrun-20260724/ferret-sable-set00-oneframe-62/oneframe-coat-00-07-20260724/winners/frame-01.png,7f48ff387362886498643860cf44c56178bc52afe231ecd5dff7f86f75a13506,docs/art-source/ferret-sable/motion-source/accepted-frames/set00/frame-01.png,7f48ff387362886498643860cf44c56178bc52afe231ecd5dff7f86f75a13506,true,docs/art-source/one-frame-method-fullrun-20260724/ferret-sable-set00-oneframe-62/oneframe-coat-00-07-20260724/attempts/frame-01/attempt-01/provenance.json,docs/art-source/ferret-sable/motion-source/qa/parent-verdict-set00.md
02,idle,01,docs/art-source/one-frame-method-fullrun-20260724/ferret-sable-set00-oneframe-62/oneframe-coat-00-07-20260724,E:/Development/AnimalDesktop-asset-archives/20260724-ferret-three-variants/ferret-sable-set00-oneframe-62/oneframe-coat-00-07-20260724,docs/art-source/one-frame-method-fullrun-20260724/ferret-sable-set00-oneframe-62/oneframe-coat-00-07-20260724/prompts/frame-02-attempt-01.txt,284ccb6481bc1e5478ae4ed07faa413b84e758e9be9a62488ee9cb57eca39fe5,C:/Users/User/.codex/generated_images/019f9294-327f-7592-a014-99ee348d38f3/call_OAg4WhtU3EZfnOljyLRvKPWB.png,afbce14c88f3308fef22bf39fe2959046c92332bb5251388a564af00e3f9e5f4,docs/art-source/one-frame-method-fullrun-20260724/ferret-sable-set00-oneframe-62/oneframe-coat-00-07-20260724/attempts/frame-02/attempt-01/raw.png,afbce14c88f3308fef22bf39fe2959046c92332bb5251388a564af00e3f9e5f4,docs/art-source/one-frame-method-fullrun-20260724/ferret-sable-set00-oneframe-62/oneframe-coat-00-07-20260724/attempts/frame-02/attempt-01/alpha.png,d87b8d950ef6d76d4875eba6e830f2d5fd3f9a989a8b4af091086ae7a03e800b,docs/art-source/one-frame-method-fullrun-20260724/ferret-sable-set00-oneframe-62/oneframe-coat-00-07-20260724/winners/frame-02.png,d87b8d950ef6d76d4875eba6e830f2d5fd3f9a989a8b4af091086ae7a03e800b,docs/art-source/ferret-sable/motion-source/accepted-frames/set00/frame-02.png,d87b8d950ef6d76d4875eba6e830f2d5fd3f9a989a8b4af091086ae7a03e800b,true,docs/art-source/one-frame-method-fullrun-20260724/ferret-sable-set00-oneframe-62/oneframe-coat-00-07-20260724/attempts/frame-02/attempt-01/provenance.json,docs/art-source/ferret-sable/motion-source/qa/parent-verdict-set00.md
03,idle,01,docs/art-source/one-frame-method-fullrun-20260724/ferret-sable-set00-oneframe-62/oneframe-coat-00-07-20260724,E:/Development/AnimalDesktop-asset-archives/20260724-ferret-three-variants/ferret-sable-set00-oneframe-62/oneframe-coat-00-07-20260724,docs/art-source/one-frame-method-fullrun-20260724/ferret-sable-set00-oneframe-62/oneframe-coat-00-07-20260724/prompts/frame-03-attempt-01.txt,c0ae1ce3f65c5cee0ce8c8ce690d6ae0cb230a0477001f5ddeca76a542647e48,C:/Users/User/.codex/generated_images/019f9294-327f-7592-a014-99ee348d38f3/call_NsZEh6nJlUeYkHw3dTPVauUO.png,8a0d068166cf6d5c402d58c6d59b11f8421bf3eff9318cc2fbb1da3ffc2db55b,docs/art-source/one-frame-method-fullrun-20260724/ferret-sable-set00-oneframe-62/oneframe-coat-00-07-20260724/attempts/frame-03/attempt-01/raw.png,8a0d068166cf6d5c402d58c6d59b11f8421bf3eff9318cc2fbb1da3ffc2db55b,docs/art-source/one-frame-method-fullrun-20260724/ferret-sable-set00-oneframe-62/oneframe-coat-00-07-20260724/attempts/frame-03/attempt-01/alpha.png,d1720ee0053e7705c9293b2037a818b6d98f0623acb5b9a85a4b62cbdf857749,docs/art-source/one-frame-method-fullrun-20260724/ferret-sable-set00-oneframe-62/oneframe-coat-00-07-20260724/winners/frame-03.png,d1720ee0053e7705c9293b2037a818b6d98f0623acb5b9a85a4b62cbdf857749,docs/art-source/ferret-sable/motion-source/accepted-frames/set00/frame-03.png,d1720ee0053e7705c9293b2037a818b6d98f0623acb5b9a85a4b62cbdf857749,true,docs/art-source/one-frame-method-fullrun-20260724/ferret-sable-set00-oneframe-62/oneframe-coat-00-07-20260724/attempts/frame-03/attempt-01/provenance.json,docs/art-source/ferret-sable/motion-source/qa/parent-verdict-set00.md
04,low_slink,01,docs/art-source/one-frame-method-fullrun-20260724/ferret-sable-set00-oneframe-62/oneframe-coat-00-07-20260724,E:/Development/AnimalDesktop-asset-archives/20260724-ferret-three-variants/ferret-sable-set00-oneframe-62/oneframe-coat-00-07-20260724,docs/art-source/one-frame-method-fullrun-20260724/ferret-sable-set00-oneframe-62/oneframe-coat-00-07-20260724/prompts/frame-04-attempt-01.txt,4cb01e0f505a7571f92f750169508dac41bf6a51eff3f8ab86653544b5879c07,C:/Users/User/.codex/generated_images/019f9294-327f-7592-a014-99ee348d38f3/call_hQboVK5ZPtNEjAFEXjuhBbac.png,5ee8e49c098f5d38620d0a6c9d95572dc42ba65ffb7ca44d4901b6f7414512ed,docs/art-source/one-frame-method-fullrun-20260724/ferret-sable-set00-oneframe-62/oneframe-coat-00-07-20260724/attempts/frame-04/attempt-01/raw.png,5ee8e49c098f5d38620d0a6c9d95572dc42ba65ffb7ca44d4901b6f7414512ed,docs/art-source/one-frame-method-fullrun-20260724/ferret-sable-set00-oneframe-62/oneframe-coat-00-07-20260724/attempts/frame-04/attempt-01/alpha.png,5ac7f4e8d98c6e1a1d482b721732491484aab9b93f88bf0c4d054298f14e53d1,docs/art-source/one-frame-method-fullrun-20260724/ferret-sable-set00-oneframe-62/oneframe-coat-00-07-20260724/winners/frame-04.png,5ac7f4e8d98c6e1a1d482b721732491484aab9b93f88bf0c4d054298f14e53d1,docs/art-source/ferret-sable/motion-source/accepted-frames/set00/frame-04.png,5ac7f4e8d98c6e1a1d482b721732491484aab9b93f88bf0c4d054298f14e53d1,true,docs/art-source/one-frame-method-fullrun-20260724/ferret-sable-set00-oneframe-62/oneframe-coat-00-07-20260724/attempts/frame-04/attempt-01/provenance.json,docs/art-source/ferret-sable/motion-source/qa/parent-verdict-set00.md
05,low_slink,01,docs/art-source/one-frame-method-fullrun-20260724/ferret-sable-set00-oneframe-62/oneframe-coat-00-07-20260724,E:/Development/AnimalDesktop-asset-archives/20260724-ferret-three-variants/ferret-sable-set00-oneframe-62/oneframe-coat-00-07-20260724,docs/art-source/one-frame-method-fullrun-20260724/ferret-sable-set00-oneframe-62/oneframe-coat-00-07-20260724/prompts/frame-05-attempt-01.txt,c54feea5dc57c4a526a5831b031fda7c08f009f101c1a5ee4a252c08b2f23e63,C:/Users/User/.codex/generated_images/019f9294-327f-7592-a014-99ee348d38f3/call_MJiQA7NTs5FUTyEh4QU39r0W.png,af3b4bc3e297ec2e3be4719159b5bc43eccd786035069f0c1c191ebd830a2680,docs/art-source/one-frame-method-fullrun-20260724/ferret-sable-set00-oneframe-62/oneframe-coat-00-07-20260724/attempts/frame-05/attempt-01/raw.png,af3b4bc3e297ec2e3be4719159b5bc43eccd786035069f0c1c191ebd830a2680,docs/art-source/one-frame-method-fullrun-20260724/ferret-sable-set00-oneframe-62/oneframe-coat-00-07-20260724/attempts/frame-05/attempt-01/alpha.png,ca681276e21985e47e69a0ea6b37117186835442f9942bd9023499ff01c13520,docs/art-source/one-frame-method-fullrun-20260724/ferret-sable-set00-oneframe-62/oneframe-coat-00-07-20260724/winners/frame-05.png,ca681276e21985e47e69a0ea6b37117186835442f9942bd9023499ff01c13520,docs/art-source/ferret-sable/motion-source/accepted-frames/set00/frame-05.png,ca681276e21985e47e69a0ea6b37117186835442f9942bd9023499ff01c13520,true,docs/art-source/one-frame-method-fullrun-20260724/ferret-sable-set00-oneframe-62/oneframe-coat-00-07-20260724/attempts/frame-05/attempt-01/provenance.json,docs/art-source/ferret-sable/motion-source/qa/parent-verdict-set00.md
06,low_slink,01,docs/art-source/one-frame-method-fullrun-20260724/ferret-sable-set00-oneframe-62/oneframe-coat-00-07-20260724,E:/Development/AnimalDesktop-asset-archives/20260724-ferret-three-variants/ferret-sable-set00-oneframe-62/oneframe-coat-00-07-20260724,docs/art-source/one-frame-method-fullrun-20260724/ferret-sable-set00-oneframe-62/oneframe-coat-00-07-20260724/prompts/frame-06-attempt-01.txt,8a469083a2b634654d159b6813f0e8e9549f933659dfe318ed449d104f584e7b,C:/Users/User/.codex/generated_images/019f9294-327f-7592-a014-99ee348d38f3/call_bOe2FWd1vbeWM1xufD5NG5MD.png,dab8c9b3801dacd44cf8e32b5c3088d3a6e3950cb675d8128ed72cfb1ecf402f,docs/art-source/one-frame-method-fullrun-20260724/ferret-sable-set00-oneframe-62/oneframe-coat-00-07-20260724/attempts/frame-06/attempt-01/raw.png,dab8c9b3801dacd44cf8e32b5c3088d3a6e3950cb675d8128ed72cfb1ecf402f,docs/art-source/one-frame-method-fullrun-20260724/ferret-sable-set00-oneframe-62/oneframe-coat-00-07-20260724/attempts/frame-06/attempt-01/alpha.png,5c371c7247f4720940c558ea1c538aaf9e461572eb98739a2b46916f320210f3,docs/art-source/one-frame-method-fullrun-20260724/ferret-sable-set00-oneframe-62/oneframe-coat-00-07-20260724/winners/frame-06.png,5c371c7247f4720940c558ea1c538aaf9e461572eb98739a2b46916f320210f3,docs/art-source/ferret-sable/motion-source/accepted-frames/set00/frame-06.png,5c371c7247f4720940c558ea1c538aaf9e461572eb98739a2b46916f320210f3,true,docs/art-source/one-frame-method-fullrun-20260724/ferret-sable-set00-oneframe-62/oneframe-coat-00-07-20260724/attempts/frame-06/attempt-01/provenance.json,docs/art-source/ferret-sable/motion-source/qa/parent-verdict-set00.md
07,low_slink,01,docs/art-source/one-frame-method-fullrun-20260724/ferret-sable-set00-oneframe-62/oneframe-coat-00-07-20260724,E:/Development/AnimalDesktop-asset-archives/20260724-ferret-three-variants/ferret-sable-set00-oneframe-62/oneframe-coat-00-07-20260724,docs/art-source/one-frame-method-fullrun-20260724/ferret-sable-set00-oneframe-62/oneframe-coat-00-07-20260724/prompts/frame-07-attempt-01.txt,6acddb206efb4b658e48fa1264a40c8f91305f87beaa3fd80547ba75a7fc9584,C:/Users/User/.codex/generated_images/019f9294-327f-7592-a014-99ee348d38f3/call_9SGCQ5boTnJ9xoL0ep7pHc7A.png,1961eeb447080a4a5cdd25d31178bdff228eaca488a6ff8dc35aac17f3dea109,docs/art-source/one-frame-method-fullrun-20260724/ferret-sable-set00-oneframe-62/oneframe-coat-00-07-20260724/attempts/frame-07/attempt-01/raw.png,1961eeb447080a4a5cdd25d31178bdff228eaca488a6ff8dc35aac17f3dea109,docs/art-source/one-frame-method-fullrun-20260724/ferret-sable-set00-oneframe-62/oneframe-coat-00-07-20260724/attempts/frame-07/attempt-01/alpha.png,ea67783aa2aad2d29a188cb068d3e81f1c45fc4ee4da3a47c8b18b371b7834d5,docs/art-source/one-frame-method-fullrun-20260724/ferret-sable-set00-oneframe-62/oneframe-coat-00-07-20260724/winners/frame-07.png,ea67783aa2aad2d29a188cb068d3e81f1c45fc4ee4da3a47c8b18b371b7834d5,docs/art-source/ferret-sable/motion-source/accepted-frames/set00/frame-07.png,ea67783aa2aad2d29a188cb068d3e81f1c45fc4ee4da3a47c8b18b371b7834d5,true,docs/art-source/one-frame-method-fullrun-20260724/ferret-sable-set00-oneframe-62/oneframe-coat-00-07-20260724/attempts/frame-07/attempt-01/provenance.json,docs/art-source/ferret-sable/motion-source/qa/parent-verdict-set00.md
08,low_slink,01,docs/art-source/one-frame-method-fullrun-20260724/ferret-sable-set00-oneframe-62/oneframe-coat-08-15-20260725,E:/Development/AnimalDesktop-asset-archives/20260724-ferret-three-variants/ferret-sable-set00-oneframe-62/oneframe-coat-08-15-20260725,docs/art-source/one-frame-method-fullrun-20260724/ferret-sable-set00-oneframe-62/oneframe-coat-08-15-20260725/prompts/frame-08-attempt-01.txt,fef9dbb7ae3bc30ea6b8251d41d54981ca6a74ff7fad1b4e7bf11bf8f6ac319f,C:/Users/User/.codex/generated_images/019f9294-327f-7592-a014-99ee348d38f3/call_3mHezQFkJRxORsvIKpYX8mEN.png,187c37efb8824a09723762f3be55b3951f4e45f7fc0dd0bb65269c54986a9760,docs/art-source/one-frame-method-fullrun-20260724/ferret-sable-set00-oneframe-62/oneframe-coat-08-15-20260725/attempts/frame-08/attempt-01/raw.png,187c37efb8824a09723762f3be55b3951f4e45f7fc0dd0bb65269c54986a9760,docs/art-source/one-frame-method-fullrun-20260724/ferret-sable-set00-oneframe-62/oneframe-coat-08-15-20260725/attempts/frame-08/attempt-01/alpha.png,dfa73f657fc6e7c6c544419ea3eff05188ccc4a155a1fc63fbe11e6fb72fb8a8,docs/art-source/one-frame-method-fullrun-20260724/ferret-sable-set00-oneframe-62/oneframe-coat-08-15-20260725/winners/frame-08.png,dfa73f657fc6e7c6c544419ea3eff05188ccc4a155a1fc63fbe11e6fb72fb8a8,docs/art-source/ferret-sable/motion-source/accepted-frames/set00/frame-08.png,dfa73f657fc6e7c6c544419ea3eff05188ccc4a155a1fc63fbe11e6fb72fb8a8,true,docs/art-source/one-frame-method-fullrun-20260724/ferret-sable-set00-oneframe-62/oneframe-coat-08-15-20260725/attempts/frame-08/attempt-01/provenance.json,docs/art-source/ferret-sable/motion-source/qa/parent-verdict-set00.md
09,low_slink,01,docs/art-source/one-frame-method-fullrun-20260724/ferret-sable-set00-oneframe-62/oneframe-coat-08-15-20260725,E:/Development/AnimalDesktop-asset-archives/20260724-ferret-three-variants/ferret-sable-set00-oneframe-62/oneframe-coat-08-15-20260725,docs/art-source/one-frame-method-fullrun-20260724/ferret-sable-set00-oneframe-62/oneframe-coat-08-15-20260725/prompts/frame-09-attempt-01.txt,74fae1a0c14339930e4dbd138b31b72b8f0f6b6b717fc79b96f47360ee4f6364,C:/Users/User/.codex/generated_images/019f9294-327f-7592-a014-99ee348d38f3/call_hOAG4Cy8IejhqzleXwHthxTF.png,3974d1f5ff19f1e19f617270a318180c5076ff9fd877be308df7864e37e2b8ef,docs/art-source/one-frame-method-fullrun-20260724/ferret-sable-set00-oneframe-62/oneframe-coat-08-15-20260725/attempts/frame-09/attempt-01/raw.png,3974d1f5ff19f1e19f617270a318180c5076ff9fd877be308df7864e37e2b8ef,docs/art-source/one-frame-method-fullrun-20260724/ferret-sable-set00-oneframe-62/oneframe-coat-08-15-20260725/attempts/frame-09/attempt-01/alpha.png,ecdef524eccc2510d37e8cb0f7e88b4c4894c23706f14de8fa03bc0d74014f44,docs/art-source/one-frame-method-fullrun-20260724/ferret-sable-set00-oneframe-62/oneframe-coat-08-15-20260725/winners/frame-09.png,ecdef524eccc2510d37e8cb0f7e88b4c4894c23706f14de8fa03bc0d74014f44,docs/art-source/ferret-sable/motion-source/accepted-frames/set00/frame-09.png,ecdef524eccc2510d37e8cb0f7e88b4c4894c23706f14de8fa03bc0d74014f44,true,docs/art-source/one-frame-method-fullrun-20260724/ferret-sable-set00-oneframe-62/oneframe-coat-08-15-20260725/attempts/frame-09/attempt-01/provenance.json,docs/art-source/ferret-sable/motion-source/qa/parent-verdict-set00.md
10,low_slink,01,docs/art-source/one-frame-method-fullrun-20260724/ferret-sable-set00-oneframe-62/oneframe-coat-08-15-20260725,E:/Development/AnimalDesktop-asset-archives/20260724-ferret-three-variants/ferret-sable-set00-oneframe-62/oneframe-coat-08-15-20260725,docs/art-source/one-frame-method-fullrun-20260724/ferret-sable-set00-oneframe-62/oneframe-coat-08-15-20260725/prompts/frame-10-attempt-01.txt,d7e4dbcb62494d4ab0c0661d6441aa683b6b398aa74888832f89d2ea2a1e9b5d,C:/Users/User/.codex/generated_images/019f9294-327f-7592-a014-99ee348d38f3/call_6CxAmw3QuqfvQhrY62X4ctjL.png,a5a7f01ec89bf3970c29f14a4c68ad3aafb80b4a8a5c2a6d27eecc7c1b8e2114,docs/art-source/one-frame-method-fullrun-20260724/ferret-sable-set00-oneframe-62/oneframe-coat-08-15-20260725/attempts/frame-10/attempt-01/raw.png,a5a7f01ec89bf3970c29f14a4c68ad3aafb80b4a8a5c2a6d27eecc7c1b8e2114,docs/art-source/one-frame-method-fullrun-20260724/ferret-sable-set00-oneframe-62/oneframe-coat-08-15-20260725/attempts/frame-10/attempt-01/alpha.png,d689a1687c7a8277847347c72b6f65a8fb06f367b6a0d164df2f7e298d92425a,docs/art-source/one-frame-method-fullrun-20260724/ferret-sable-set00-oneframe-62/oneframe-coat-08-15-20260725/winners/frame-10.png,d689a1687c7a8277847347c72b6f65a8fb06f367b6a0d164df2f7e298d92425a,docs/art-source/ferret-sable/motion-source/accepted-frames/set00/frame-10.png,d689a1687c7a8277847347c72b6f65a8fb06f367b6a0d164df2f7e298d92425a,true,docs/art-source/one-frame-method-fullrun-20260724/ferret-sable-set00-oneframe-62/oneframe-coat-08-15-20260725/attempts/frame-10/attempt-01/provenance.json,docs/art-source/ferret-sable/motion-source/qa/parent-verdict-set00.md
11,low_slink,01,docs/art-source/one-frame-method-fullrun-20260724/ferret-sable-set00-oneframe-62/oneframe-coat-08-15-20260725,E:/Development/AnimalDesktop-asset-archives/20260724-ferret-three-variants/ferret-sable-set00-oneframe-62/oneframe-coat-08-15-20260725,docs/art-source/one-frame-method-fullrun-20260724/ferret-sable-set00-oneframe-62/oneframe-coat-08-15-20260725/prompts/frame-11-attempt-01.txt,8a719b9aed610edc0483451db485fe2722765bca4816b5aa151722e8bc1de786,C:/Users/User/.codex/generated_images/019f9294-327f-7592-a014-99ee348d38f3/call_Q3YdCRo66BX605KqzhLpsAYm.png,97e85de6613a098157e9546ff99e637e02dc5458788b48773e6d3d9ae6a0c9d4,docs/art-source/one-frame-method-fullrun-20260724/ferret-sable-set00-oneframe-62/oneframe-coat-08-15-20260725/attempts/frame-11/attempt-01/raw.png,97e85de6613a098157e9546ff99e637e02dc5458788b48773e6d3d9ae6a0c9d4,docs/art-source/one-frame-method-fullrun-20260724/ferret-sable-set00-oneframe-62/oneframe-coat-08-15-20260725/attempts/frame-11/attempt-01/alpha.png,fbeee2d12067d0db1dca06123b4cd641c16cbd83757664cb31953f44f17fc76c,docs/art-source/one-frame-method-fullrun-20260724/ferret-sable-set00-oneframe-62/oneframe-coat-08-15-20260725/winners/frame-11.png,fbeee2d12067d0db1dca06123b4cd641c16cbd83757664cb31953f44f17fc76c,docs/art-source/ferret-sable/motion-source/accepted-frames/set00/frame-11.png,fbeee2d12067d0db1dca06123b4cd641c16cbd83757664cb31953f44f17fc76c,true,docs/art-source/one-frame-method-fullrun-20260724/ferret-sable-set00-oneframe-62/oneframe-coat-08-15-20260725/attempts/frame-11/attempt-01/provenance.json,docs/art-source/ferret-sable/motion-source/qa/parent-verdict-set00.md
12,scurry,01,docs/art-source/one-frame-method-fullrun-20260724/ferret-sable-set00-oneframe-62/oneframe-coat-08-15-20260725,E:/Development/AnimalDesktop-asset-archives/20260724-ferret-three-variants/ferret-sable-set00-oneframe-62/oneframe-coat-08-15-20260725,docs/art-source/one-frame-method-fullrun-20260724/ferret-sable-set00-oneframe-62/oneframe-coat-08-15-20260725/prompts/frame-12-attempt-01.txt,4cf4512e88a3985d978124bc876a9ed12dc955af052b1212d30ecbe591d8cb18,C:/Users/User/.codex/generated_images/019f9294-327f-7592-a014-99ee348d38f3/call_S6557VZUqWSdnMoYm9WuxNBq.png,f68ac149f92f778f38b5ec22ffd8b538fc87b7055eacdd8b982eecfc392173b7,docs/art-source/one-frame-method-fullrun-20260724/ferret-sable-set00-oneframe-62/oneframe-coat-08-15-20260725/attempts/frame-12/attempt-01/raw.png,f68ac149f92f778f38b5ec22ffd8b538fc87b7055eacdd8b982eecfc392173b7,docs/art-source/one-frame-method-fullrun-20260724/ferret-sable-set00-oneframe-62/oneframe-coat-08-15-20260725/attempts/frame-12/attempt-01/alpha.png,7288bbb7cef601849fdba02e8705b815597474878f0987ea3b34024b8568ef80,docs/art-source/one-frame-method-fullrun-20260724/ferret-sable-set00-oneframe-62/oneframe-coat-08-15-20260725/winners/frame-12.png,7288bbb7cef601849fdba02e8705b815597474878f0987ea3b34024b8568ef80,docs/art-source/ferret-sable/motion-source/accepted-frames/set00/frame-12.png,7288bbb7cef601849fdba02e8705b815597474878f0987ea3b34024b8568ef80,true,docs/art-source/one-frame-method-fullrun-20260724/ferret-sable-set00-oneframe-62/oneframe-coat-08-15-20260725/attempts/frame-12/attempt-01/provenance.json,docs/art-source/ferret-sable/motion-source/qa/parent-verdict-set00.md
13,scurry,01,docs/art-source/one-frame-method-fullrun-20260724/ferret-sable-set00-oneframe-62/oneframe-coat-08-15-20260725,E:/Development/AnimalDesktop-asset-archives/20260724-ferret-three-variants/ferret-sable-set00-oneframe-62/oneframe-coat-08-15-20260725,docs/art-source/one-frame-method-fullrun-20260724/ferret-sable-set00-oneframe-62/oneframe-coat-08-15-20260725/prompts/frame-13-attempt-01.txt,7ac8d45275d8853ca4d3337d7cb46e6c812eb427fce3cedb3c704202470e5c54,C:/Users/User/.codex/generated_images/019f9294-327f-7592-a014-99ee348d38f3/call_LszjRBeWnPZTYpHLHEzCpK7e.png,c04f94c3c47ff90bca159d16cb9ab5d2aa491f10316403fb39967e423024c51d,docs/art-source/one-frame-method-fullrun-20260724/ferret-sable-set00-oneframe-62/oneframe-coat-08-15-20260725/attempts/frame-13/attempt-01/raw.png,c04f94c3c47ff90bca159d16cb9ab5d2aa491f10316403fb39967e423024c51d,docs/art-source/one-frame-method-fullrun-20260724/ferret-sable-set00-oneframe-62/oneframe-coat-08-15-20260725/attempts/frame-13/attempt-01/alpha.png,eabf1b68de52895473158db80ecac70162ef9ef60fd4171e264adedb45386bc6,docs/art-source/one-frame-method-fullrun-20260724/ferret-sable-set00-oneframe-62/oneframe-coat-08-15-20260725/winners/frame-13.png,eabf1b68de52895473158db80ecac70162ef9ef60fd4171e264adedb45386bc6,docs/art-source/ferret-sable/motion-source/accepted-frames/set00/frame-13.png,eabf1b68de52895473158db80ecac70162ef9ef60fd4171e264adedb45386bc6,true,docs/art-source/one-frame-method-fullrun-20260724/ferret-sable-set00-oneframe-62/oneframe-coat-08-15-20260725/attempts/frame-13/attempt-01/provenance.json,docs/art-source/ferret-sable/motion-source/qa/parent-verdict-set00.md
14,scurry,01,docs/art-source/one-frame-method-fullrun-20260724/ferret-sable-set00-oneframe-62/oneframe-coat-08-15-20260725,E:/Development/AnimalDesktop-asset-archives/20260724-ferret-three-variants/ferret-sable-set00-oneframe-62/oneframe-coat-08-15-20260725,docs/art-source/one-frame-method-fullrun-20260724/ferret-sable-set00-oneframe-62/oneframe-coat-08-15-20260725/prompts/frame-14-attempt-01.txt,4fc31855bf35c117cd7d98f7bb18ee4fbca3f01627615fcd248bb835a44de4c0,C:/Users/User/.codex/generated_images/019f9294-327f-7592-a014-99ee348d38f3/call_Vf24wEcYDwmgA5biBvnbwF5H.png,99303d088172596399c719dde3b467a4d42db67bd6df24b35e8ff76ad83fc28d,docs/art-source/one-frame-method-fullrun-20260724/ferret-sable-set00-oneframe-62/oneframe-coat-08-15-20260725/attempts/frame-14/attempt-01/raw.png,99303d088172596399c719dde3b467a4d42db67bd6df24b35e8ff76ad83fc28d,docs/art-source/one-frame-method-fullrun-20260724/ferret-sable-set00-oneframe-62/oneframe-coat-08-15-20260725/attempts/frame-14/attempt-01/alpha.png,dbcdd226fccb6929eb9d50d3b2873bb32594fe4b261942fa9bc99be8af676860,docs/art-source/one-frame-method-fullrun-20260724/ferret-sable-set00-oneframe-62/oneframe-coat-08-15-20260725/winners/frame-14.png,dbcdd226fccb6929eb9d50d3b2873bb32594fe4b261942fa9bc99be8af676860,docs/art-source/ferret-sable/motion-source/accepted-frames/set00/frame-14.png,dbcdd226fccb6929eb9d50d3b2873bb32594fe4b261942fa9bc99be8af676860,true,docs/art-source/one-frame-method-fullrun-20260724/ferret-sable-set00-oneframe-62/oneframe-coat-08-15-20260725/attempts/frame-14/attempt-01/provenance.json,docs/art-source/ferret-sable/motion-source/qa/parent-verdict-set00.md
15,scurry,01,docs/art-source/one-frame-method-fullrun-20260724/ferret-sable-set00-oneframe-62/oneframe-coat-08-15-20260725,E:/Development/AnimalDesktop-asset-archives/20260724-ferret-three-variants/ferret-sable-set00-oneframe-62/oneframe-coat-08-15-20260725,docs/art-source/one-frame-method-fullrun-20260724/ferret-sable-set00-oneframe-62/oneframe-coat-08-15-20260725/prompts/frame-15-attempt-01.txt,f881554ea46b6b9d0aec9d96d132ca1a7fc2ce8af2d85a23a5d99c0bfdfb7a2c,C:/Users/User/.codex/generated_images/019f9294-327f-7592-a014-99ee348d38f3/call_00ta0Cr23f6bSPOpUCAU8bd0.png,e6526482cb97aa50d1fe691f7ca47988f72c70281af3989b68ccceed15c676c2,docs/art-source/one-frame-method-fullrun-20260724/ferret-sable-set00-oneframe-62/oneframe-coat-08-15-20260725/attempts/frame-15/attempt-01/raw.png,e6526482cb97aa50d1fe691f7ca47988f72c70281af3989b68ccceed15c676c2,docs/art-source/one-frame-method-fullrun-20260724/ferret-sable-set00-oneframe-62/oneframe-coat-08-15-20260725/attempts/frame-15/attempt-01/alpha.png,d2e316854d25cd0779b71141d6b674e30eb45c0e8202fd59655b6bab60cad399,docs/art-source/one-frame-method-fullrun-20260724/ferret-sable-set00-oneframe-62/oneframe-coat-08-15-20260725/winners/frame-15.png,d2e316854d25cd0779b71141d6b674e30eb45c0e8202fd59655b6bab60cad399,docs/art-source/ferret-sable/motion-source/accepted-frames/set00/frame-15.png,d2e316854d25cd0779b71141d6b674e30eb45c0e8202fd59655b6bab60cad399,true,docs/art-source/one-frame-method-fullrun-20260724/ferret-sable-set00-oneframe-62/oneframe-coat-08-15-20260725/attempts/frame-15/attempt-01/provenance.json,docs/art-source/ferret-sable/motion-source/qa/parent-verdict-set00.md
16,scurry,01,docs/art-source/one-frame-method-fullrun-20260724/ferret-sable-set00-oneframe-62/oneframe-coat-16-23-20260725,E:/Development/AnimalDesktop-asset-archives/20260724-ferret-three-variants/ferret-sable-set00-oneframe-62/oneframe-coat-16-23-20260725,docs/art-source/one-frame-method-fullrun-20260724/ferret-sable-set00-oneframe-62/oneframe-coat-16-23-20260725/prompts/frame-16-attempt-01.txt,1ebe8021740f3bf013b892e2e16af8cb625b8bf61f6c0f63fb689d8d4b269db6,C:/Users/User/.codex/generated_images/019f9294-327f-7592-a014-99ee348d38f3/call_gieCRdOua1QA4IRXbbwwp1jk.png,a5141ae70ef7f112c3fd2535f62eb523886205cbf8d5d274f4cd6c95d7731992,docs/art-source/one-frame-method-fullrun-20260724/ferret-sable-set00-oneframe-62/oneframe-coat-16-23-20260725/attempts/frame-16/attempt-01/raw.png,a5141ae70ef7f112c3fd2535f62eb523886205cbf8d5d274f4cd6c95d7731992,docs/art-source/one-frame-method-fullrun-20260724/ferret-sable-set00-oneframe-62/oneframe-coat-16-23-20260725/attempts/frame-16/attempt-01/alpha.png,ee85b2ec9337e3fa148b00311ee834c03959136d9df388dd204f57d3e936306a,docs/art-source/one-frame-method-fullrun-20260724/ferret-sable-set00-oneframe-62/oneframe-coat-16-23-20260725/winners/frame-16.png,ee85b2ec9337e3fa148b00311ee834c03959136d9df388dd204f57d3e936306a,docs/art-source/ferret-sable/motion-source/accepted-frames/set00/frame-16.png,ee85b2ec9337e3fa148b00311ee834c03959136d9df388dd204f57d3e936306a,true,docs/art-source/one-frame-method-fullrun-20260724/ferret-sable-set00-oneframe-62/oneframe-coat-16-23-20260725/attempts/frame-16/attempt-01/provenance.json,docs/art-source/ferret-sable/motion-source/qa/parent-verdict-set00.md
17,scurry,01,docs/art-source/one-frame-method-fullrun-20260724/ferret-sable-set00-oneframe-62/oneframe-coat-16-23-20260725,E:/Development/AnimalDesktop-asset-archives/20260724-ferret-three-variants/ferret-sable-set00-oneframe-62/oneframe-coat-16-23-20260725,docs/art-source/one-frame-method-fullrun-20260724/ferret-sable-set00-oneframe-62/oneframe-coat-16-23-20260725/prompts/frame-17-attempt-01.txt,d1e6c1f184f9b8ed4cd5396148d1f94118be61bc7a783ef14098fbffe09b3dfd,C:/Users/User/.codex/generated_images/019f9294-327f-7592-a014-99ee348d38f3/call_1XOL2GdiPCSbCV9s9pI0cBIB.png,bc90f522b8dfadb9a124bcaea23c5c801868b14846e49b304a0691a86eb44537,docs/art-source/one-frame-method-fullrun-20260724/ferret-sable-set00-oneframe-62/oneframe-coat-16-23-20260725/attempts/frame-17/attempt-01/raw.png,bc90f522b8dfadb9a124bcaea23c5c801868b14846e49b304a0691a86eb44537,docs/art-source/one-frame-method-fullrun-20260724/ferret-sable-set00-oneframe-62/oneframe-coat-16-23-20260725/attempts/frame-17/attempt-01/alpha.png,60a0be8889dc64aef57997b17df2c01ff32317bb4cc64e73b940686ba8d0ff93,docs/art-source/one-frame-method-fullrun-20260724/ferret-sable-set00-oneframe-62/oneframe-coat-16-23-20260725/winners/frame-17.png,60a0be8889dc64aef57997b17df2c01ff32317bb4cc64e73b940686ba8d0ff93,docs/art-source/ferret-sable/motion-source/accepted-frames/set00/frame-17.png,60a0be8889dc64aef57997b17df2c01ff32317bb4cc64e73b940686ba8d0ff93,true,docs/art-source/one-frame-method-fullrun-20260724/ferret-sable-set00-oneframe-62/oneframe-coat-16-23-20260725/attempts/frame-17/attempt-01/provenance.json,docs/art-source/ferret-sable/motion-source/qa/parent-verdict-set00.md
18,scurry,01,docs/art-source/one-frame-method-fullrun-20260724/ferret-sable-set00-oneframe-62/oneframe-coat-16-23-20260725,E:/Development/AnimalDesktop-asset-archives/20260724-ferret-three-variants/ferret-sable-set00-oneframe-62/oneframe-coat-16-23-20260725,docs/art-source/one-frame-method-fullrun-20260724/ferret-sable-set00-oneframe-62/oneframe-coat-16-23-20260725/prompts/frame-18-attempt-01.txt,7f5c04802019d9ad3c6675387cf811e211585217fd5a614b0c86ddb7949f25cb,C:/Users/User/.codex/generated_images/019f9294-327f-7592-a014-99ee348d38f3/call_KhnpSww83go70kbmWQI6FqPS.png,f5a589c6dbf0b4587ab9083a02f2877ccd6103747bc6e0c25f2fc883f48c4536,docs/art-source/one-frame-method-fullrun-20260724/ferret-sable-set00-oneframe-62/oneframe-coat-16-23-20260725/attempts/frame-18/attempt-01/raw.png,f5a589c6dbf0b4587ab9083a02f2877ccd6103747bc6e0c25f2fc883f48c4536,docs/art-source/one-frame-method-fullrun-20260724/ferret-sable-set00-oneframe-62/oneframe-coat-16-23-20260725/attempts/frame-18/attempt-01/alpha.png,318ebe7f9cdd46daa2165219de5125f06546c5aec81aed17afeafa54e5dfadbe,docs/art-source/one-frame-method-fullrun-20260724/ferret-sable-set00-oneframe-62/oneframe-coat-16-23-20260725/winners/frame-18.png,318ebe7f9cdd46daa2165219de5125f06546c5aec81aed17afeafa54e5dfadbe,docs/art-source/ferret-sable/motion-source/accepted-frames/set00/frame-18.png,318ebe7f9cdd46daa2165219de5125f06546c5aec81aed17afeafa54e5dfadbe,true,docs/art-source/one-frame-method-fullrun-20260724/ferret-sable-set00-oneframe-62/oneframe-coat-16-23-20260725/attempts/frame-18/attempt-01/provenance.json,docs/art-source/ferret-sable/motion-source/qa/parent-verdict-set00.md
19,scurry,01,docs/art-source/one-frame-method-fullrun-20260724/ferret-sable-set00-oneframe-62/oneframe-coat-16-23-20260725,E:/Development/AnimalDesktop-asset-archives/20260724-ferret-three-variants/ferret-sable-set00-oneframe-62/oneframe-coat-16-23-20260725,docs/art-source/one-frame-method-fullrun-20260724/ferret-sable-set00-oneframe-62/oneframe-coat-16-23-20260725/prompts/frame-19-attempt-01.txt,ad0b082703f5b61210e25e68a6c26ba123890619dc4f6868fc103ade5f64a94d,C:/Users/User/.codex/generated_images/019f9294-327f-7592-a014-99ee348d38f3/call_MvmjT6lwoW2tE0n5nQT5Ephz.png,5f8e3aa0bf9cf6ea88b04cbc2ebea5b31cc8c6bec364e2e7c153ef946468d4dc,docs/art-source/one-frame-method-fullrun-20260724/ferret-sable-set00-oneframe-62/oneframe-coat-16-23-20260725/attempts/frame-19/attempt-01/raw.png,5f8e3aa0bf9cf6ea88b04cbc2ebea5b31cc8c6bec364e2e7c153ef946468d4dc,docs/art-source/one-frame-method-fullrun-20260724/ferret-sable-set00-oneframe-62/oneframe-coat-16-23-20260725/attempts/frame-19/attempt-01/alpha.png,aaa34509ca92353301bfb1937e1c7a8531fd7d07fdb0a43a956f629275c8ba0d,docs/art-source/one-frame-method-fullrun-20260724/ferret-sable-set00-oneframe-62/oneframe-coat-16-23-20260725/winners/frame-19.png,aaa34509ca92353301bfb1937e1c7a8531fd7d07fdb0a43a956f629275c8ba0d,docs/art-source/ferret-sable/motion-source/accepted-frames/set00/frame-19.png,aaa34509ca92353301bfb1937e1c7a8531fd7d07fdb0a43a956f629275c8ba0d,true,docs/art-source/one-frame-method-fullrun-20260724/ferret-sable-set00-oneframe-62/oneframe-coat-16-23-20260725/attempts/frame-19/attempt-01/provenance.json,docs/art-source/ferret-sable/motion-source/qa/parent-verdict-set00.md
20,sniff,01,docs/art-source/one-frame-method-fullrun-20260724/ferret-sable-set00-oneframe-62/oneframe-coat-16-23-20260725,E:/Development/AnimalDesktop-asset-archives/20260724-ferret-three-variants/ferret-sable-set00-oneframe-62/oneframe-coat-16-23-20260725,docs/art-source/one-frame-method-fullrun-20260724/ferret-sable-set00-oneframe-62/oneframe-coat-16-23-20260725/prompts/frame-20-attempt-01.txt,b3cd0fd0496175476a758292878003b0f11e41850620de10e71eacf1f3aee3a8,C:/Users/User/.codex/generated_images/019f9294-327f-7592-a014-99ee348d38f3/call_S5lak2lb2N0AAKTnfdJKuSYg.png,007cde95267a745c716e248698897da04b5222541dfe4e5cb43a5c747d55eb37,docs/art-source/one-frame-method-fullrun-20260724/ferret-sable-set00-oneframe-62/oneframe-coat-16-23-20260725/attempts/frame-20/attempt-01/raw.png,007cde95267a745c716e248698897da04b5222541dfe4e5cb43a5c747d55eb37,docs/art-source/one-frame-method-fullrun-20260724/ferret-sable-set00-oneframe-62/oneframe-coat-16-23-20260725/attempts/frame-20/attempt-01/alpha.png,fe185217cfcb4e2131c07ffc1884bc13cbf06ddd83b5c8d8e8c7fe93253a0e4e,docs/art-source/one-frame-method-fullrun-20260724/ferret-sable-set00-oneframe-62/oneframe-coat-16-23-20260725/winners/frame-20.png,fe185217cfcb4e2131c07ffc1884bc13cbf06ddd83b5c8d8e8c7fe93253a0e4e,docs/art-source/ferret-sable/motion-source/accepted-frames/set00/frame-20.png,fe185217cfcb4e2131c07ffc1884bc13cbf06ddd83b5c8d8e8c7fe93253a0e4e,true,docs/art-source/one-frame-method-fullrun-20260724/ferret-sable-set00-oneframe-62/oneframe-coat-16-23-20260725/attempts/frame-20/attempt-01/provenance.json,docs/art-source/ferret-sable/motion-source/qa/parent-verdict-set00.md
21,sniff,01,docs/art-source/one-frame-method-fullrun-20260724/ferret-sable-set00-oneframe-62/oneframe-coat-16-23-20260725,E:/Development/AnimalDesktop-asset-archives/20260724-ferret-three-variants/ferret-sable-set00-oneframe-62/oneframe-coat-16-23-20260725,docs/art-source/one-frame-method-fullrun-20260724/ferret-sable-set00-oneframe-62/oneframe-coat-16-23-20260725/prompts/frame-21-attempt-01.txt,bc7379d9e64e8c88d0452cc6ba7c4ce8e309095be2a272ee65966c4282c051da,C:/Users/User/.codex/generated_images/019f9294-327f-7592-a014-99ee348d38f3/call_VKG1dR9b32DqSe6JAa4U0VGh.png,2c23abfa65c3f751151c65a9e469c1f8147b34f8762fedf4172ed7deb5a0a87f,docs/art-source/one-frame-method-fullrun-20260724/ferret-sable-set00-oneframe-62/oneframe-coat-16-23-20260725/attempts/frame-21/attempt-01/raw.png,2c23abfa65c3f751151c65a9e469c1f8147b34f8762fedf4172ed7deb5a0a87f,docs/art-source/one-frame-method-fullrun-20260724/ferret-sable-set00-oneframe-62/oneframe-coat-16-23-20260725/attempts/frame-21/attempt-01/alpha.png,e0a220800640b2fe8db56e5c40d7492f9308ce6d172c70244c947f19d585cae3,docs/art-source/one-frame-method-fullrun-20260724/ferret-sable-set00-oneframe-62/oneframe-coat-16-23-20260725/winners/frame-21.png,e0a220800640b2fe8db56e5c40d7492f9308ce6d172c70244c947f19d585cae3,docs/art-source/ferret-sable/motion-source/accepted-frames/set00/frame-21.png,e0a220800640b2fe8db56e5c40d7492f9308ce6d172c70244c947f19d585cae3,true,docs/art-source/one-frame-method-fullrun-20260724/ferret-sable-set00-oneframe-62/oneframe-coat-16-23-20260725/attempts/frame-21/attempt-01/provenance.json,docs/art-source/ferret-sable/motion-source/qa/parent-verdict-set00.md
22,sniff,01,docs/art-source/one-frame-method-fullrun-20260724/ferret-sable-set00-oneframe-62/oneframe-coat-16-23-20260725,E:/Development/AnimalDesktop-asset-archives/20260724-ferret-three-variants/ferret-sable-set00-oneframe-62/oneframe-coat-16-23-20260725,docs/art-source/one-frame-method-fullrun-20260724/ferret-sable-set00-oneframe-62/oneframe-coat-16-23-20260725/prompts/frame-22-attempt-01.txt,8c89a6eb8cca9c95af8f78f834a6cc69e174523c22a979d635248b8579778824,C:/Users/User/.codex/generated_images/019f9294-327f-7592-a014-99ee348d38f3/call_dQ9MCHN2stFBxD3q7cLdWr7g.png,7330f3f1187fc8667493033c3bd6530a00873748510778c673dfcea1f94e1bef,docs/art-source/one-frame-method-fullrun-20260724/ferret-sable-set00-oneframe-62/oneframe-coat-16-23-20260725/attempts/frame-22/attempt-01/raw.png,7330f3f1187fc8667493033c3bd6530a00873748510778c673dfcea1f94e1bef,docs/art-source/one-frame-method-fullrun-20260724/ferret-sable-set00-oneframe-62/oneframe-coat-16-23-20260725/attempts/frame-22/attempt-01/alpha.png,44d4f789a7567f0adced74829e7ff8f8e59c8d0ddf051952ba4e92cca0c4508b,docs/art-source/one-frame-method-fullrun-20260724/ferret-sable-set00-oneframe-62/oneframe-coat-16-23-20260725/winners/frame-22.png,44d4f789a7567f0adced74829e7ff8f8e59c8d0ddf051952ba4e92cca0c4508b,docs/art-source/ferret-sable/motion-source/accepted-frames/set00/frame-22.png,44d4f789a7567f0adced74829e7ff8f8e59c8d0ddf051952ba4e92cca0c4508b,true,docs/art-source/one-frame-method-fullrun-20260724/ferret-sable-set00-oneframe-62/oneframe-coat-16-23-20260725/attempts/frame-22/attempt-01/provenance.json,docs/art-source/ferret-sable/motion-source/qa/parent-verdict-set00.md
23,sniff,01,docs/art-source/one-frame-method-fullrun-20260724/ferret-sable-set00-oneframe-62/oneframe-coat-16-23-20260725,E:/Development/AnimalDesktop-asset-archives/20260724-ferret-three-variants/ferret-sable-set00-oneframe-62/oneframe-coat-16-23-20260725,docs/art-source/one-frame-method-fullrun-20260724/ferret-sable-set00-oneframe-62/oneframe-coat-16-23-20260725/prompts/frame-23-attempt-01.txt,c917898407980da07ec82e25341550bead0b5b9accfff8c73569a3b3fe30ab4a,C:/Users/User/.codex/generated_images/019f9294-327f-7592-a014-99ee348d38f3/call_HBuGQFVWBLO3nZsfmlNA5piq.png,9be73e444e6aea9cf0fb4b22bf51a14a9484a4edd35e6a6f725267c859efaf62,docs/art-source/one-frame-method-fullrun-20260724/ferret-sable-set00-oneframe-62/oneframe-coat-16-23-20260725/attempts/frame-23/attempt-01/raw.png,9be73e444e6aea9cf0fb4b22bf51a14a9484a4edd35e6a6f725267c859efaf62,docs/art-source/one-frame-method-fullrun-20260724/ferret-sable-set00-oneframe-62/oneframe-coat-16-23-20260725/attempts/frame-23/attempt-01/alpha.png,405e36c33120a3b5114d97f9ef7d4f2d714da983fa2824cd44f18e90d747894b,docs/art-source/one-frame-method-fullrun-20260724/ferret-sable-set00-oneframe-62/oneframe-coat-16-23-20260725/winners/frame-23.png,405e36c33120a3b5114d97f9ef7d4f2d714da983fa2824cd44f18e90d747894b,docs/art-source/ferret-sable/motion-source/accepted-frames/set00/frame-23.png,405e36c33120a3b5114d97f9ef7d4f2d714da983fa2824cd44f18e90d747894b,true,docs/art-source/one-frame-method-fullrun-20260724/ferret-sable-set00-oneframe-62/oneframe-coat-16-23-20260725/attempts/frame-23/attempt-01/provenance.json,docs/art-source/ferret-sable/motion-source/qa/parent-verdict-set00.md
24,sniff,01,docs/art-source/one-frame-method-fullrun-20260724/ferret-sable-set00-oneframe-62/oneframe-coat-24-31-20260725,E:/Development/AnimalDesktop-asset-archives/20260724-ferret-three-variants/ferret-sable-set00-oneframe-62/oneframe-coat-24-31-20260725,docs/art-source/one-frame-method-fullrun-20260724/ferret-sable-set00-oneframe-62/oneframe-coat-24-31-20260725/prompts/frame-24-attempt-01.txt,540306534d11cb689f67e39211e33bd29a68b572e950cbc7a2258c23eaba7901,C:/Users/User/.codex/generated_images/019f9294-327f-7592-a014-99ee348d38f3/call_tmf2dhdBzxTrT9Ppd1EZ2xEk.png,8f2882b0dab2557152205a3efeec3dd4915013955ec246fae971d55fd4e4dff4,docs/art-source/one-frame-method-fullrun-20260724/ferret-sable-set00-oneframe-62/oneframe-coat-24-31-20260725/attempts/frame-24/attempt-01/raw.png,8f2882b0dab2557152205a3efeec3dd4915013955ec246fae971d55fd4e4dff4,docs/art-source/one-frame-method-fullrun-20260724/ferret-sable-set00-oneframe-62/oneframe-coat-24-31-20260725/attempts/frame-24/attempt-01/alpha.png,b6f983b9f8a1d82c4e6d93671fdd44967fe59abb242814a3aaa3ea03c710b00c,docs/art-source/one-frame-method-fullrun-20260724/ferret-sable-set00-oneframe-62/oneframe-coat-24-31-20260725/winners/frame-24.png,b6f983b9f8a1d82c4e6d93671fdd44967fe59abb242814a3aaa3ea03c710b00c,docs/art-source/ferret-sable/motion-source/accepted-frames/set00/frame-24.png,b6f983b9f8a1d82c4e6d93671fdd44967fe59abb242814a3aaa3ea03c710b00c,true,docs/art-source/one-frame-method-fullrun-20260724/ferret-sable-set00-oneframe-62/oneframe-coat-24-31-20260725/attempts/frame-24/attempt-01/provenance.json,docs/art-source/ferret-sable/motion-source/qa/parent-verdict-set00.md
25,sniff,01,docs/art-source/one-frame-method-fullrun-20260724/ferret-sable-set00-oneframe-62/oneframe-coat-24-31-20260725,E:/Development/AnimalDesktop-asset-archives/20260724-ferret-three-variants/ferret-sable-set00-oneframe-62/oneframe-coat-24-31-20260725,docs/art-source/one-frame-method-fullrun-20260724/ferret-sable-set00-oneframe-62/oneframe-coat-24-31-20260725/prompts/frame-25-attempt-01.txt,30db6869e1b4ac61dc984986573c821dc233dbb53fe52978ea985b354b4a4921,C:/Users/User/.codex/generated_images/019f9294-327f-7592-a014-99ee348d38f3/call_5SJyVOXpl3KtMxZbtMawKweW.png,9252e9155acdbc0304f4314c66927f3607155fbec33f97e58c176d038615af64,docs/art-source/one-frame-method-fullrun-20260724/ferret-sable-set00-oneframe-62/oneframe-coat-24-31-20260725/attempts/frame-25/attempt-01/raw.png,9252e9155acdbc0304f4314c66927f3607155fbec33f97e58c176d038615af64,docs/art-source/one-frame-method-fullrun-20260724/ferret-sable-set00-oneframe-62/oneframe-coat-24-31-20260725/attempts/frame-25/attempt-01/alpha.png,bca6ce08e588d71b281de3035e4dad0ebc65d3a8082a56d096f7b224e0b6ab01,docs/art-source/one-frame-method-fullrun-20260724/ferret-sable-set00-oneframe-62/oneframe-coat-24-31-20260725/winners/frame-25.png,bca6ce08e588d71b281de3035e4dad0ebc65d3a8082a56d096f7b224e0b6ab01,docs/art-source/ferret-sable/motion-source/accepted-frames/set00/frame-25.png,bca6ce08e588d71b281de3035e4dad0ebc65d3a8082a56d096f7b224e0b6ab01,true,docs/art-source/one-frame-method-fullrun-20260724/ferret-sable-set00-oneframe-62/oneframe-coat-24-31-20260725/attempts/frame-25/attempt-01/provenance.json,docs/art-source/ferret-sable/motion-source/qa/parent-verdict-set00.md
26,groom,03,docs/art-source/one-frame-method-fullrun-20260724/ferret-sable-set00-oneframe-62/oneframe-coat-24-31-20260725,E:/Development/AnimalDesktop-asset-archives/20260724-ferret-three-variants/ferret-sable-set00-oneframe-62/oneframe-coat-24-31-20260725,docs/art-source/one-frame-method-fullrun-20260724/ferret-sable-set00-oneframe-62/oneframe-coat-24-31-20260725/prompts/frame-26-attempt-03.txt,078793ad1df9428b02193d352708760c15c1957a9579ebf9df1bacc6707af447,C:/Users/User/.codex/generated_images/019f9294-327f-7592-a014-99ee348d38f3/call_FzEeL9wkCOY0UG09o21pwdhx.png,fd4b68dad180d85cb99d3ebe289a46dd59cd4b39193d58299858dca4f53074d3,docs/art-source/one-frame-method-fullrun-20260724/ferret-sable-set00-oneframe-62/oneframe-coat-24-31-20260725/attempts/frame-26/attempt-03/raw.png,fd4b68dad180d85cb99d3ebe289a46dd59cd4b39193d58299858dca4f53074d3,docs/art-source/one-frame-method-fullrun-20260724/ferret-sable-set00-oneframe-62/oneframe-coat-24-31-20260725/attempts/frame-26/attempt-03/alpha.png,c8f7d66f2aac07909abe048d096e426cd6f61d0c225988688b076c720ad2f745,docs/art-source/one-frame-method-fullrun-20260724/ferret-sable-set00-oneframe-62/oneframe-coat-24-31-20260725/winners/frame-26.png,c8f7d66f2aac07909abe048d096e426cd6f61d0c225988688b076c720ad2f745,docs/art-source/ferret-sable/motion-source/accepted-frames/set00/frame-26.png,c8f7d66f2aac07909abe048d096e426cd6f61d0c225988688b076c720ad2f745,true,docs/art-source/one-frame-method-fullrun-20260724/ferret-sable-set00-oneframe-62/oneframe-coat-24-31-20260725/attempts/frame-26/attempt-03/provenance.json,docs/art-source/ferret-sable/motion-source/qa/parent-verdict-set00.md
27,groom,01,docs/art-source/one-frame-method-fullrun-20260724/ferret-sable-set00-oneframe-62/oneframe-coat-24-31-20260725,E:/Development/AnimalDesktop-asset-archives/20260724-ferret-three-variants/ferret-sable-set00-oneframe-62/oneframe-coat-24-31-20260725,docs/art-source/one-frame-method-fullrun-20260724/ferret-sable-set00-oneframe-62/oneframe-coat-24-31-20260725/prompts/frame-27-attempt-01.txt,3cb4f4d6ba612aa889a9ddcfa705cde485b2253ca65167b152ad2694fc9ec1ce,C:/Users/User/.codex/generated_images/019f9294-327f-7592-a014-99ee348d38f3/call_AGhGVsHLGlkaCp3lrEBHHjRl.png,03fcaa0fa75d24d5fd2f3d52107dd5ccba84f5220107aaf54fddf390774bffe4,docs/art-source/one-frame-method-fullrun-20260724/ferret-sable-set00-oneframe-62/oneframe-coat-24-31-20260725/attempts/frame-27/attempt-01/raw.png,03fcaa0fa75d24d5fd2f3d52107dd5ccba84f5220107aaf54fddf390774bffe4,docs/art-source/one-frame-method-fullrun-20260724/ferret-sable-set00-oneframe-62/oneframe-coat-24-31-20260725/attempts/frame-27/attempt-01/alpha.png,2991aa62c76fefd030f4888a11cad9a99bcb3c5b1baa11629e882a6fdc230dcd,docs/art-source/one-frame-method-fullrun-20260724/ferret-sable-set00-oneframe-62/oneframe-coat-24-31-20260725/winners/frame-27.png,2991aa62c76fefd030f4888a11cad9a99bcb3c5b1baa11629e882a6fdc230dcd,docs/art-source/ferret-sable/motion-source/accepted-frames/set00/frame-27.png,2991aa62c76fefd030f4888a11cad9a99bcb3c5b1baa11629e882a6fdc230dcd,true,docs/art-source/one-frame-method-fullrun-20260724/ferret-sable-set00-oneframe-62/oneframe-coat-24-31-20260725/attempts/frame-27/attempt-01/provenance.json,docs/art-source/ferret-sable/motion-source/qa/parent-verdict-set00.md
28,groom,01,docs/art-source/one-frame-method-fullrun-20260724/ferret-sable-set00-oneframe-62/oneframe-coat-24-31-20260725,E:/Development/AnimalDesktop-asset-archives/20260724-ferret-three-variants/ferret-sable-set00-oneframe-62/oneframe-coat-24-31-20260725,docs/art-source/one-frame-method-fullrun-20260724/ferret-sable-set00-oneframe-62/oneframe-coat-24-31-20260725/prompts/frame-28-attempt-01.txt,63bc33689246d6c93ba714e9eb5613e4f56d8e23a089e675eaf88903ad695bc7,C:/Users/User/.codex/generated_images/019f9294-327f-7592-a014-99ee348d38f3/call_ZszYPkAKRVCGjxufp17iH2Ud.png,dea1771a70fdc455059a31e748a3f7db5e9520c12c42f23c3457b8e4acc9f46e,docs/art-source/one-frame-method-fullrun-20260724/ferret-sable-set00-oneframe-62/oneframe-coat-24-31-20260725/attempts/frame-28/attempt-01/raw.png,dea1771a70fdc455059a31e748a3f7db5e9520c12c42f23c3457b8e4acc9f46e,docs/art-source/one-frame-method-fullrun-20260724/ferret-sable-set00-oneframe-62/oneframe-coat-24-31-20260725/attempts/frame-28/attempt-01/alpha.png,a83d6429aab4ffcc7a84c681f85a271ed39677903c06e80c556d1f2764e37ebc,docs/art-source/one-frame-method-fullrun-20260724/ferret-sable-set00-oneframe-62/oneframe-coat-24-31-20260725/winners/frame-28.png,a83d6429aab4ffcc7a84c681f85a271ed39677903c06e80c556d1f2764e37ebc,docs/art-source/ferret-sable/motion-source/accepted-frames/set00/frame-28.png,a83d6429aab4ffcc7a84c681f85a271ed39677903c06e80c556d1f2764e37ebc,true,docs/art-source/one-frame-method-fullrun-20260724/ferret-sable-set00-oneframe-62/oneframe-coat-24-31-20260725/attempts/frame-28/attempt-01/provenance.json,docs/art-source/ferret-sable/motion-source/qa/parent-verdict-set00.md
29,groom,01,docs/art-source/one-frame-method-fullrun-20260724/ferret-sable-set00-oneframe-62/oneframe-coat-24-31-20260725,E:/Development/AnimalDesktop-asset-archives/20260724-ferret-three-variants/ferret-sable-set00-oneframe-62/oneframe-coat-24-31-20260725,docs/art-source/one-frame-method-fullrun-20260724/ferret-sable-set00-oneframe-62/oneframe-coat-24-31-20260725/prompts/frame-29-attempt-01.txt,07413e42f99d008a1433ec26684bf570d959f7df994d490cd409542fa68c5ad6,C:/Users/User/.codex/generated_images/019f9294-327f-7592-a014-99ee348d38f3/call_rcCzogEfQLNHRm67YmZrlEL0.png,0bbd7edf4db8c268fdac2165863de304142826a4e2cd41362b81492133130e26,docs/art-source/one-frame-method-fullrun-20260724/ferret-sable-set00-oneframe-62/oneframe-coat-24-31-20260725/attempts/frame-29/attempt-01/raw.png,0bbd7edf4db8c268fdac2165863de304142826a4e2cd41362b81492133130e26,docs/art-source/one-frame-method-fullrun-20260724/ferret-sable-set00-oneframe-62/oneframe-coat-24-31-20260725/attempts/frame-29/attempt-01/alpha.png,1bbb965ec1822e5b291827317dc568ea613681fb128d1a5338c685a9df118162,docs/art-source/one-frame-method-fullrun-20260724/ferret-sable-set00-oneframe-62/oneframe-coat-24-31-20260725/winners/frame-29.png,1bbb965ec1822e5b291827317dc568ea613681fb128d1a5338c685a9df118162,docs/art-source/ferret-sable/motion-source/accepted-frames/set00/frame-29.png,1bbb965ec1822e5b291827317dc568ea613681fb128d1a5338c685a9df118162,true,docs/art-source/one-frame-method-fullrun-20260724/ferret-sable-set00-oneframe-62/oneframe-coat-24-31-20260725/attempts/frame-29/attempt-01/provenance.json,docs/art-source/ferret-sable/motion-source/qa/parent-verdict-set00.md
30,groom,01,docs/art-source/one-frame-method-fullrun-20260724/ferret-sable-set00-oneframe-62/oneframe-coat-24-31-20260725,E:/Development/AnimalDesktop-asset-archives/20260724-ferret-three-variants/ferret-sable-set00-oneframe-62/oneframe-coat-24-31-20260725,docs/art-source/one-frame-method-fullrun-20260724/ferret-sable-set00-oneframe-62/oneframe-coat-24-31-20260725/prompts/frame-30-attempt-01.txt,32869b0915d03dcf714814e7eb7e1a316460855636e535753fd050821def35ee,C:/Users/User/.codex/generated_images/019f9294-327f-7592-a014-99ee348d38f3/call_fsmhwq9cOI5TJjgPaiyqEs8k.png,f4d93c04c610ae594da012842cfd3ba011fa5c60bd924a913529c820dbb3b858,docs/art-source/one-frame-method-fullrun-20260724/ferret-sable-set00-oneframe-62/oneframe-coat-24-31-20260725/attempts/frame-30/attempt-01/raw.png,f4d93c04c610ae594da012842cfd3ba011fa5c60bd924a913529c820dbb3b858,docs/art-source/one-frame-method-fullrun-20260724/ferret-sable-set00-oneframe-62/oneframe-coat-24-31-20260725/attempts/frame-30/attempt-01/alpha.png,7196a63ed9c11be2ce2d1adc2c7f855a5241ac658d8f01b0f0ff2a0f3bef37f0,docs/art-source/one-frame-method-fullrun-20260724/ferret-sable-set00-oneframe-62/oneframe-coat-24-31-20260725/winners/frame-30.png,7196a63ed9c11be2ce2d1adc2c7f855a5241ac658d8f01b0f0ff2a0f3bef37f0,docs/art-source/ferret-sable/motion-source/accepted-frames/set00/frame-30.png,7196a63ed9c11be2ce2d1adc2c7f855a5241ac658d8f01b0f0ff2a0f3bef37f0,true,docs/art-source/one-frame-method-fullrun-20260724/ferret-sable-set00-oneframe-62/oneframe-coat-24-31-20260725/attempts/frame-30/attempt-01/provenance.json,docs/art-source/ferret-sable/motion-source/qa/parent-verdict-set00.md
31,groom,01,docs/art-source/one-frame-method-fullrun-20260724/ferret-sable-set00-oneframe-62/oneframe-coat-24-31-20260725,E:/Development/AnimalDesktop-asset-archives/20260724-ferret-three-variants/ferret-sable-set00-oneframe-62/oneframe-coat-24-31-20260725,docs/art-source/one-frame-method-fullrun-20260724/ferret-sable-set00-oneframe-62/oneframe-coat-24-31-20260725/prompts/frame-31-attempt-01.txt,14f848e08208973d31feb6e2ef2293434bbbf9b0d65fe4b4a8d51486ce2b0fb6,C:/Users/User/.codex/generated_images/019f9294-327f-7592-a014-99ee348d38f3/call_LphjSALvytklQ6MOz02isG9v.png,d203389fa1a040743e385b4b863c70ad3dfac8e9504a443af566ff2dc342a236,docs/art-source/one-frame-method-fullrun-20260724/ferret-sable-set00-oneframe-62/oneframe-coat-24-31-20260725/attempts/frame-31/attempt-01/raw.png,d203389fa1a040743e385b4b863c70ad3dfac8e9504a443af566ff2dc342a236,docs/art-source/one-frame-method-fullrun-20260724/ferret-sable-set00-oneframe-62/oneframe-coat-24-31-20260725/attempts/frame-31/attempt-01/alpha.png,69c47b885967ca4f74d7a982f9247f1573d1ab7402a97e8aaf733d6b2126da9e,docs/art-source/one-frame-method-fullrun-20260724/ferret-sable-set00-oneframe-62/oneframe-coat-24-31-20260725/winners/frame-31.png,69c47b885967ca4f74d7a982f9247f1573d1ab7402a97e8aaf733d6b2126da9e,docs/art-source/ferret-sable/motion-source/accepted-frames/set00/frame-31.png,69c47b885967ca4f74d7a982f9247f1573d1ab7402a97e8aaf733d6b2126da9e,true,docs/art-source/one-frame-method-fullrun-20260724/ferret-sable-set00-oneframe-62/oneframe-coat-24-31-20260725/attempts/frame-31/attempt-01/provenance.json,docs/art-source/ferret-sable/motion-source/qa/parent-verdict-set00.md
32,turn,01,docs/art-source/one-frame-method-fullrun-20260724/ferret-sable-set00-oneframe-62/oneframe-coat-32-39-20260725,E:/Development/AnimalDesktop-asset-archives/20260724-ferret-three-variants/ferret-sable-set00-oneframe-62/oneframe-coat-32-39-20260725,docs/art-source/one-frame-method-fullrun-20260724/ferret-sable-set00-oneframe-62/oneframe-coat-32-39-20260725/prompts/frame-32-attempt-01.txt,81a0f30a236e689ef5979646e1553e5d0feb9afbc773447c4af44d56d06e9711,C:/Users/User/.codex/generated_images/019f9294-327f-7592-a014-99ee348d38f3/call_m7lE5dJYHQ3aBjs2XLpkXMO1.png,f6fbdedfe413f69caebfe145b7d6833aff07e683d06166cb6021c1264aa7a094,docs/art-source/one-frame-method-fullrun-20260724/ferret-sable-set00-oneframe-62/oneframe-coat-32-39-20260725/attempts/frame-32/attempt-01/raw.png,f6fbdedfe413f69caebfe145b7d6833aff07e683d06166cb6021c1264aa7a094,docs/art-source/one-frame-method-fullrun-20260724/ferret-sable-set00-oneframe-62/oneframe-coat-32-39-20260725/attempts/frame-32/attempt-01/alpha.png,ff892095b0ca8f1d9242729b62758b78b9d5bd4669d249946e4032711fddb025,docs/art-source/one-frame-method-fullrun-20260724/ferret-sable-set00-oneframe-62/oneframe-coat-32-39-20260725/winners/frame-32.png,ff892095b0ca8f1d9242729b62758b78b9d5bd4669d249946e4032711fddb025,docs/art-source/ferret-sable/motion-source/accepted-frames/set00/frame-32.png,ff892095b0ca8f1d9242729b62758b78b9d5bd4669d249946e4032711fddb025,true,docs/art-source/one-frame-method-fullrun-20260724/ferret-sable-set00-oneframe-62/oneframe-coat-32-39-20260725/attempts/frame-32/attempt-01/provenance.json,docs/art-source/ferret-sable/motion-source/qa/parent-verdict-set00.md
33,turn,01,docs/art-source/one-frame-method-fullrun-20260724/ferret-sable-set00-oneframe-62/oneframe-coat-32-39-20260725,E:/Development/AnimalDesktop-asset-archives/20260724-ferret-three-variants/ferret-sable-set00-oneframe-62/oneframe-coat-32-39-20260725,docs/art-source/one-frame-method-fullrun-20260724/ferret-sable-set00-oneframe-62/oneframe-coat-32-39-20260725/prompts/frame-33-attempt-01.txt,7190f2ee15ce5f0bc7320b2fe8e29d43be4cb0bbe25b6fd59abd78a67f8bbc8e,C:/Users/User/.codex/generated_images/019f9294-327f-7592-a014-99ee348d38f3/call_G8NGKzgjECzfbO3NgpAgx9qX.png,1427012267c3b2b0a4ce97e9f0be8536debdbbe924daff5207ba1df4f1dcd744,docs/art-source/one-frame-method-fullrun-20260724/ferret-sable-set00-oneframe-62/oneframe-coat-32-39-20260725/attempts/frame-33/attempt-01/raw.png,1427012267c3b2b0a4ce97e9f0be8536debdbbe924daff5207ba1df4f1dcd744,docs/art-source/one-frame-method-fullrun-20260724/ferret-sable-set00-oneframe-62/oneframe-coat-32-39-20260725/attempts/frame-33/attempt-01/alpha.png,ca5cd8f8b1aa79009e35a8b5ccaf4adeb5b25ddbd034723df7edbfbb6666ae4b,docs/art-source/one-frame-method-fullrun-20260724/ferret-sable-set00-oneframe-62/oneframe-coat-32-39-20260725/winners/frame-33.png,ca5cd8f8b1aa79009e35a8b5ccaf4adeb5b25ddbd034723df7edbfbb6666ae4b,docs/art-source/ferret-sable/motion-source/accepted-frames/set00/frame-33.png,ca5cd8f8b1aa79009e35a8b5ccaf4adeb5b25ddbd034723df7edbfbb6666ae4b,true,docs/art-source/one-frame-method-fullrun-20260724/ferret-sable-set00-oneframe-62/oneframe-coat-32-39-20260725/attempts/frame-33/attempt-01/provenance.json,docs/art-source/ferret-sable/motion-source/qa/parent-verdict-set00.md
34,turn,01,docs/art-source/one-frame-method-fullrun-20260724/ferret-sable-set00-oneframe-62/oneframe-coat-32-39-20260725,E:/Development/AnimalDesktop-asset-archives/20260724-ferret-three-variants/ferret-sable-set00-oneframe-62/oneframe-coat-32-39-20260725,docs/art-source/one-frame-method-fullrun-20260724/ferret-sable-set00-oneframe-62/oneframe-coat-32-39-20260725/prompts/frame-34-attempt-01.txt,b8d86eb03212926b133cf4b64472212a2d58d1f8c7872b2d8488c3a402480df2,C:/Users/User/.codex/generated_images/019f9294-327f-7592-a014-99ee348d38f3/call_WP7U1ioSDujZC2NFV78ANiur.png,6ec69069e51969e960923afd9d983b4889198992c81f9e7ca14dfcf62919cbbd,docs/art-source/one-frame-method-fullrun-20260724/ferret-sable-set00-oneframe-62/oneframe-coat-32-39-20260725/attempts/frame-34/attempt-01/raw.png,6ec69069e51969e960923afd9d983b4889198992c81f9e7ca14dfcf62919cbbd,docs/art-source/one-frame-method-fullrun-20260724/ferret-sable-set00-oneframe-62/oneframe-coat-32-39-20260725/attempts/frame-34/attempt-01/alpha.png,c1b55abc12a0e9bdda78e5dc7b4786a0898804edddc746788a673e195a3dc721,docs/art-source/one-frame-method-fullrun-20260724/ferret-sable-set00-oneframe-62/oneframe-coat-32-39-20260725/winners/frame-34.png,c1b55abc12a0e9bdda78e5dc7b4786a0898804edddc746788a673e195a3dc721,docs/art-source/ferret-sable/motion-source/accepted-frames/set00/frame-34.png,c1b55abc12a0e9bdda78e5dc7b4786a0898804edddc746788a673e195a3dc721,true,docs/art-source/one-frame-method-fullrun-20260724/ferret-sable-set00-oneframe-62/oneframe-coat-32-39-20260725/attempts/frame-34/attempt-01/provenance.json,docs/art-source/ferret-sable/motion-source/qa/parent-verdict-set00.md
35,turn,01,docs/art-source/one-frame-method-fullrun-20260724/ferret-sable-set00-oneframe-62/oneframe-coat-32-39-20260725,E:/Development/AnimalDesktop-asset-archives/20260724-ferret-three-variants/ferret-sable-set00-oneframe-62/oneframe-coat-32-39-20260725,docs/art-source/one-frame-method-fullrun-20260724/ferret-sable-set00-oneframe-62/oneframe-coat-32-39-20260725/prompts/frame-35-attempt-01.txt,4de50ee5a9fcece83edc6d63423ca445dc3279c71336260af4556732aa8c386d,C:/Users/User/.codex/generated_images/019f9294-327f-7592-a014-99ee348d38f3/call_LqiNMcvkWpeOVbV0rc1MNEov.png,497da54b22c616c87273dc81686e39425296bdd9bf1404c8838da9838e61bcb9,docs/art-source/one-frame-method-fullrun-20260724/ferret-sable-set00-oneframe-62/oneframe-coat-32-39-20260725/attempts/frame-35/attempt-01/raw.png,497da54b22c616c87273dc81686e39425296bdd9bf1404c8838da9838e61bcb9,docs/art-source/one-frame-method-fullrun-20260724/ferret-sable-set00-oneframe-62/oneframe-coat-32-39-20260725/attempts/frame-35/attempt-01/alpha.png,1d6cb7d515f2758e443ac4402463b74d4f608198be1409e03900555dfce2be33,docs/art-source/one-frame-method-fullrun-20260724/ferret-sable-set00-oneframe-62/oneframe-coat-32-39-20260725/winners/frame-35.png,1d6cb7d515f2758e443ac4402463b74d4f608198be1409e03900555dfce2be33,docs/art-source/ferret-sable/motion-source/accepted-frames/set00/frame-35.png,1d6cb7d515f2758e443ac4402463b74d4f608198be1409e03900555dfce2be33,true,docs/art-source/one-frame-method-fullrun-20260724/ferret-sable-set00-oneframe-62/oneframe-coat-32-39-20260725/attempts/frame-35/attempt-01/provenance.json,docs/art-source/ferret-sable/motion-source/qa/parent-verdict-set00.md
36,turn,01,docs/art-source/one-frame-method-fullrun-20260724/ferret-sable-set00-oneframe-62/oneframe-coat-32-39-20260725,E:/Development/AnimalDesktop-asset-archives/20260724-ferret-three-variants/ferret-sable-set00-oneframe-62/oneframe-coat-32-39-20260725,docs/art-source/one-frame-method-fullrun-20260724/ferret-sable-set00-oneframe-62/oneframe-coat-32-39-20260725/prompts/frame-36-attempt-01.txt,12e171f3019be1b7966ac5c86c85e7c3804da5b8195720a9fb6365c3c531b994,C:/Users/User/.codex/generated_images/019f9294-327f-7592-a014-99ee348d38f3/call_JE0HV0TqekerYsnvpu8fzyy2.png,3f6f2096763dff54a1f397540d2748e21b5ee6f416fa79f327d58b0f5bf60b92,docs/art-source/one-frame-method-fullrun-20260724/ferret-sable-set00-oneframe-62/oneframe-coat-32-39-20260725/attempts/frame-36/attempt-01/raw.png,3f6f2096763dff54a1f397540d2748e21b5ee6f416fa79f327d58b0f5bf60b92,docs/art-source/one-frame-method-fullrun-20260724/ferret-sable-set00-oneframe-62/oneframe-coat-32-39-20260725/attempts/frame-36/attempt-01/alpha.png,2729b653e3ed288dff4d6eb7f730c0428d7b1d031dcf4753bbf5598fab3cb783,docs/art-source/one-frame-method-fullrun-20260724/ferret-sable-set00-oneframe-62/oneframe-coat-32-39-20260725/winners/frame-36.png,2729b653e3ed288dff4d6eb7f730c0428d7b1d031dcf4753bbf5598fab3cb783,docs/art-source/ferret-sable/motion-source/accepted-frames/set00/frame-36.png,2729b653e3ed288dff4d6eb7f730c0428d7b1d031dcf4753bbf5598fab3cb783,true,docs/art-source/one-frame-method-fullrun-20260724/ferret-sable-set00-oneframe-62/oneframe-coat-32-39-20260725/attempts/frame-36/attempt-01/provenance.json,docs/art-source/ferret-sable/motion-source/qa/parent-verdict-set00.md
37,turn,02,docs/art-source/one-frame-method-fullrun-20260724/ferret-sable-set00-oneframe-62/oneframe-coat-32-39-20260725,E:/Development/AnimalDesktop-asset-archives/20260724-ferret-three-variants/ferret-sable-set00-oneframe-62/oneframe-coat-32-39-20260725,docs/art-source/one-frame-method-fullrun-20260724/ferret-sable-set00-oneframe-62/oneframe-coat-32-39-20260725/prompts/frame-37-attempt-02.txt,0cd3f9a2f035cb2e73511f9430cf9b5de5da465a6e0a7d2afb1bce48441b4e81,C:/Users/User/.codex/generated_images/019f9294-327f-7592-a014-99ee348d38f3/call_RXObH0xVs6tz5bDdo4YxC1Sy.png,f6170f766e8e25e4067e14272188556e4ba647fb5c53a681c2ba4ef21c1a04df,docs/art-source/one-frame-method-fullrun-20260724/ferret-sable-set00-oneframe-62/oneframe-coat-32-39-20260725/attempts/frame-37/attempt-02/raw.png,f6170f766e8e25e4067e14272188556e4ba647fb5c53a681c2ba4ef21c1a04df,docs/art-source/one-frame-method-fullrun-20260724/ferret-sable-set00-oneframe-62/oneframe-coat-32-39-20260725/attempts/frame-37/attempt-02/alpha.png,c59095b8aa8b55fcae8801b599ced2d905adaa3f78a256bcd8fc16765d7d64b6,docs/art-source/one-frame-method-fullrun-20260724/ferret-sable-set00-oneframe-62/oneframe-coat-32-39-20260725/winners/frame-37.png,c59095b8aa8b55fcae8801b599ced2d905adaa3f78a256bcd8fc16765d7d64b6,docs/art-source/ferret-sable/motion-source/accepted-frames/set00/frame-37.png,c59095b8aa8b55fcae8801b599ced2d905adaa3f78a256bcd8fc16765d7d64b6,true,docs/art-source/one-frame-method-fullrun-20260724/ferret-sable-set00-oneframe-62/oneframe-coat-32-39-20260725/attempts/frame-37/attempt-02/provenance.json,docs/art-source/ferret-sable/motion-source/qa/parent-verdict-set00.md
38,turn,01,docs/art-source/one-frame-method-fullrun-20260724/ferret-sable-set00-oneframe-62/oneframe-coat-32-39-20260725,E:/Development/AnimalDesktop-asset-archives/20260724-ferret-three-variants/ferret-sable-set00-oneframe-62/oneframe-coat-32-39-20260725,docs/art-source/one-frame-method-fullrun-20260724/ferret-sable-set00-oneframe-62/oneframe-coat-32-39-20260725/prompts/frame-38-attempt-01.txt,78858ebd73f3cae38915b365fdef8da62d8ba0edce51b43d0345191650f22667,C:/Users/User/.codex/generated_images/019f9294-327f-7592-a014-99ee348d38f3/call_qpLqIvKaZJkp8Mgnuyt28L3u.png,4b631b0bdb23f97b458eb95a8473a2c6332ba2ec56d602f6fe5d7653cf407df0,docs/art-source/one-frame-method-fullrun-20260724/ferret-sable-set00-oneframe-62/oneframe-coat-32-39-20260725/attempts/frame-38/attempt-01/raw.png,4b631b0bdb23f97b458eb95a8473a2c6332ba2ec56d602f6fe5d7653cf407df0,docs/art-source/one-frame-method-fullrun-20260724/ferret-sable-set00-oneframe-62/oneframe-coat-32-39-20260725/attempts/frame-38/attempt-01/alpha.png,622394914bd5af5477def6f7043c758104f47d704c98c821fd1223f868b64030,docs/art-source/one-frame-method-fullrun-20260724/ferret-sable-set00-oneframe-62/oneframe-coat-32-39-20260725/winners/frame-38.png,622394914bd5af5477def6f7043c758104f47d704c98c821fd1223f868b64030,docs/art-source/ferret-sable/motion-source/accepted-frames/set00/frame-38.png,622394914bd5af5477def6f7043c758104f47d704c98c821fd1223f868b64030,true,docs/art-source/one-frame-method-fullrun-20260724/ferret-sable-set00-oneframe-62/oneframe-coat-32-39-20260725/attempts/frame-38/attempt-01/provenance.json,docs/art-source/ferret-sable/motion-source/qa/parent-verdict-set00.md
39,turn,01,docs/art-source/one-frame-method-fullrun-20260724/ferret-sable-set00-oneframe-62/oneframe-coat-32-39-20260725,E:/Development/AnimalDesktop-asset-archives/20260724-ferret-three-variants/ferret-sable-set00-oneframe-62/oneframe-coat-32-39-20260725,docs/art-source/one-frame-method-fullrun-20260724/ferret-sable-set00-oneframe-62/oneframe-coat-32-39-20260725/prompts/frame-39-attempt-01.txt,395a5628f8372ba5ba216b11d3ed65ff9db8a9e9e04946b4fc2b1025c2fc28c5,C:/Users/User/.codex/generated_images/019f9294-327f-7592-a014-99ee348d38f3/call_KcocWPzSpSe9TOEBkLE1Eopi.png,fba0d0d90baf49ef9deb7bcb53ca331fe2ad373faa9096e78550d79b01b2f96e,docs/art-source/one-frame-method-fullrun-20260724/ferret-sable-set00-oneframe-62/oneframe-coat-32-39-20260725/attempts/frame-39/attempt-01/raw.png,fba0d0d90baf49ef9deb7bcb53ca331fe2ad373faa9096e78550d79b01b2f96e,docs/art-source/one-frame-method-fullrun-20260724/ferret-sable-set00-oneframe-62/oneframe-coat-32-39-20260725/attempts/frame-39/attempt-01/alpha.png,c5cf06b73b534cac39e8984acf3bafe41c3f8151b24c3060e5f119bfc4e09e1c,docs/art-source/one-frame-method-fullrun-20260724/ferret-sable-set00-oneframe-62/oneframe-coat-32-39-20260725/winners/frame-39.png,c5cf06b73b534cac39e8984acf3bafe41c3f8151b24c3060e5f119bfc4e09e1c,docs/art-source/ferret-sable/motion-source/accepted-frames/set00/frame-39.png,c5cf06b73b534cac39e8984acf3bafe41c3f8151b24c3060e5f119bfc4e09e1c,true,docs/art-source/one-frame-method-fullrun-20260724/ferret-sable-set00-oneframe-62/oneframe-coat-32-39-20260725/attempts/frame-39/attempt-01/provenance.json,docs/art-source/ferret-sable/motion-source/qa/parent-verdict-set00.md
40,creep,01,docs/art-source/one-frame-method-fullrun-20260724/ferret-sable-set00-oneframe-62/oneframe-coat-40-47-20260725,E:/Development/AnimalDesktop-asset-archives/20260724-ferret-three-variants/ferret-sable-set00-oneframe-62/oneframe-coat-40-47-20260725,docs/art-source/one-frame-method-fullrun-20260724/ferret-sable-set00-oneframe-62/oneframe-coat-40-47-20260725/prompts/frame-40-attempt-01.txt,4cd0fa50b217f778e811537f18188dbb9f02d0bb466351977ed0b40941abee21,C:/Users/User/.codex/generated_images/019f9294-327f-7592-a014-99ee348d38f3/call_S3Zp7J3XgIIO1Mbyr4050xpp.png,338eaa58ff284400ee0c3d9eed461f33693ee1440b8993b133541690cc856ae5,docs/art-source/one-frame-method-fullrun-20260724/ferret-sable-set00-oneframe-62/oneframe-coat-40-47-20260725/attempts/frame-40/attempt-01/raw.png,338eaa58ff284400ee0c3d9eed461f33693ee1440b8993b133541690cc856ae5,docs/art-source/one-frame-method-fullrun-20260724/ferret-sable-set00-oneframe-62/oneframe-coat-40-47-20260725/attempts/frame-40/attempt-01/alpha.png,84663ca186a514ca51423709291ffcdae548b6865cc5e36f6ac669b4e3444ab6,docs/art-source/one-frame-method-fullrun-20260724/ferret-sable-set00-oneframe-62/oneframe-coat-40-47-20260725/winners/frame-40.png,84663ca186a514ca51423709291ffcdae548b6865cc5e36f6ac669b4e3444ab6,docs/art-source/ferret-sable/motion-source/accepted-frames/set00/frame-40.png,84663ca186a514ca51423709291ffcdae548b6865cc5e36f6ac669b4e3444ab6,true,docs/art-source/one-frame-method-fullrun-20260724/ferret-sable-set00-oneframe-62/oneframe-coat-40-47-20260725/attempts/frame-40/attempt-01/provenance.json,docs/art-source/ferret-sable/motion-source/qa/parent-verdict-set00.md
41,creep,11,docs/art-source/one-frame-method-fullrun-20260724/ferret-sable-set00-oneframe-62/oneframe-coat-40-47-20260725,E:/Development/AnimalDesktop-asset-archives/20260724-ferret-three-variants/ferret-sable-set00-oneframe-62/oneframe-coat-40-47-20260725,docs/art-source/one-frame-method-fullrun-20260724/ferret-sable-set00-oneframe-62/oneframe-coat-40-47-20260725/prompts/frame-41-attempt-11.txt,b92ad4a64ceb4b26dc46916de0f314e69b21457b3e56749e66669cd41e38472c,C:/Users/User/.codex/generated_images/019f9294-327f-7592-a014-99ee348d38f3/call_YMw8F3L83JWA802JSFLbd9UD.png,f73db6da5c3fc0ec7ac0d12834733329e383ac844a9081e2a49cfee697fe4574,docs/art-source/one-frame-method-fullrun-20260724/ferret-sable-set00-oneframe-62/oneframe-coat-40-47-20260725/attempts/frame-41/attempt-11/raw.png,f73db6da5c3fc0ec7ac0d12834733329e383ac844a9081e2a49cfee697fe4574,docs/art-source/one-frame-method-fullrun-20260724/ferret-sable-set00-oneframe-62/oneframe-coat-40-47-20260725/attempts/frame-41/attempt-11/alpha.png,b562d4d481a436e92f0a793c4bf8146b43aa825fa9e380ed7f9aa5ac8d0ce186,docs/art-source/one-frame-method-fullrun-20260724/ferret-sable-set00-oneframe-62/oneframe-coat-40-47-20260725/winners/frame-41.png,b562d4d481a436e92f0a793c4bf8146b43aa825fa9e380ed7f9aa5ac8d0ce186,docs/art-source/ferret-sable/motion-source/accepted-frames/set00/frame-41.png,b562d4d481a436e92f0a793c4bf8146b43aa825fa9e380ed7f9aa5ac8d0ce186,true,docs/art-source/one-frame-method-fullrun-20260724/ferret-sable-set00-oneframe-62/oneframe-coat-40-47-20260725/attempts/frame-41/attempt-11/provenance.json,docs/art-source/ferret-sable/motion-source/qa/parent-verdict-set00.md
42,creep,01,docs/art-source/one-frame-method-fullrun-20260724/ferret-sable-set00-oneframe-62/oneframe-coat-40-47-20260725,E:/Development/AnimalDesktop-asset-archives/20260724-ferret-three-variants/ferret-sable-set00-oneframe-62/oneframe-coat-40-47-20260725,docs/art-source/one-frame-method-fullrun-20260724/ferret-sable-set00-oneframe-62/oneframe-coat-40-47-20260725/prompts/frame-42-attempt-01.txt,f87de72595d224ab669a1ddca508dd066bd7aa70bc215caa732ddc2db90a3490,C:/Users/User/.codex/generated_images/019f9294-327f-7592-a014-99ee348d38f3/call_O9bhmMCeqV6eAerbfy72d8M3.png,4f2f62236a1eb0bcb1fb585a775cb6d10e120a5f545ec85ca81730ed71308530,docs/art-source/one-frame-method-fullrun-20260724/ferret-sable-set00-oneframe-62/oneframe-coat-40-47-20260725/attempts/frame-42/attempt-01/raw.png,4f2f62236a1eb0bcb1fb585a775cb6d10e120a5f545ec85ca81730ed71308530,docs/art-source/one-frame-method-fullrun-20260724/ferret-sable-set00-oneframe-62/oneframe-coat-40-47-20260725/attempts/frame-42/attempt-01/alpha.png,aecc324c8d00b41f0b2c2c652cb6ea83da2d45099c156362a1e1a5f9490998f4,docs/art-source/one-frame-method-fullrun-20260724/ferret-sable-set00-oneframe-62/oneframe-coat-40-47-20260725/winners/frame-42.png,aecc324c8d00b41f0b2c2c652cb6ea83da2d45099c156362a1e1a5f9490998f4,docs/art-source/ferret-sable/motion-source/accepted-frames/set00/frame-42.png,aecc324c8d00b41f0b2c2c652cb6ea83da2d45099c156362a1e1a5f9490998f4,true,docs/art-source/one-frame-method-fullrun-20260724/ferret-sable-set00-oneframe-62/oneframe-coat-40-47-20260725/attempts/frame-42/attempt-01/provenance.json,docs/art-source/ferret-sable/motion-source/qa/parent-verdict-set00.md
43,creep,01,docs/art-source/one-frame-method-fullrun-20260724/ferret-sable-set00-oneframe-62/oneframe-coat-40-47-20260725,E:/Development/AnimalDesktop-asset-archives/20260724-ferret-three-variants/ferret-sable-set00-oneframe-62/oneframe-coat-40-47-20260725,docs/art-source/one-frame-method-fullrun-20260724/ferret-sable-set00-oneframe-62/oneframe-coat-40-47-20260725/prompts/frame-43-attempt-01.txt,4a7cfe92215b7cbb006ab5f18365b584c9f93c8d81cd4576ebd2755ccc6e5777,C:/Users/User/.codex/generated_images/019f9294-327f-7592-a014-99ee348d38f3/call_rrNoKo5TUqqlDBl3OJUMDYQV.png,4f5443fd60496d940fe0d87264ccb5b6c7b98525a3aa310ea837d7ac23a9bd7c,docs/art-source/one-frame-method-fullrun-20260724/ferret-sable-set00-oneframe-62/oneframe-coat-40-47-20260725/attempts/frame-43/attempt-01/raw.png,4f5443fd60496d940fe0d87264ccb5b6c7b98525a3aa310ea837d7ac23a9bd7c,docs/art-source/one-frame-method-fullrun-20260724/ferret-sable-set00-oneframe-62/oneframe-coat-40-47-20260725/attempts/frame-43/attempt-01/alpha.png,b45236e5e8972e26a8904364daac8482bde99a829fe5749b3320fa859ec5b0a6,docs/art-source/one-frame-method-fullrun-20260724/ferret-sable-set00-oneframe-62/oneframe-coat-40-47-20260725/winners/frame-43.png,b45236e5e8972e26a8904364daac8482bde99a829fe5749b3320fa859ec5b0a6,docs/art-source/ferret-sable/motion-source/accepted-frames/set00/frame-43.png,b45236e5e8972e26a8904364daac8482bde99a829fe5749b3320fa859ec5b0a6,true,docs/art-source/one-frame-method-fullrun-20260724/ferret-sable-set00-oneframe-62/oneframe-coat-40-47-20260725/attempts/frame-43/attempt-01/provenance.json,docs/art-source/ferret-sable/motion-source/qa/parent-verdict-set00.md
44,creep,01,docs/art-source/one-frame-method-fullrun-20260724/ferret-sable-set00-oneframe-62/oneframe-coat-40-47-20260725,E:/Development/AnimalDesktop-asset-archives/20260724-ferret-three-variants/ferret-sable-set00-oneframe-62/oneframe-coat-40-47-20260725,docs/art-source/one-frame-method-fullrun-20260724/ferret-sable-set00-oneframe-62/oneframe-coat-40-47-20260725/prompts/frame-44-attempt-01.txt,149f0c34325613518c7607d0b2902e5614f506b2e18afaf1b689094c349a762b,C:/Users/User/.codex/generated_images/019f9294-327f-7592-a014-99ee348d38f3/call_hFvsURPvSdG35bxfaO48qtdM.png,69e807a04cb59a711661320b4d67f2e3bbf1e4fa86b56e352e809e97e186b8bc,docs/art-source/one-frame-method-fullrun-20260724/ferret-sable-set00-oneframe-62/oneframe-coat-40-47-20260725/attempts/frame-44/attempt-01/raw.png,69e807a04cb59a711661320b4d67f2e3bbf1e4fa86b56e352e809e97e186b8bc,docs/art-source/one-frame-method-fullrun-20260724/ferret-sable-set00-oneframe-62/oneframe-coat-40-47-20260725/attempts/frame-44/attempt-01/alpha.png,0320b155cf2b27d02f78b38015e88046e73fef20da9ba097054ec1e654d6be33,docs/art-source/one-frame-method-fullrun-20260724/ferret-sable-set00-oneframe-62/oneframe-coat-40-47-20260725/winners/frame-44.png,0320b155cf2b27d02f78b38015e88046e73fef20da9ba097054ec1e654d6be33,docs/art-source/ferret-sable/motion-source/accepted-frames/set00/frame-44.png,0320b155cf2b27d02f78b38015e88046e73fef20da9ba097054ec1e654d6be33,true,docs/art-source/one-frame-method-fullrun-20260724/ferret-sable-set00-oneframe-62/oneframe-coat-40-47-20260725/attempts/frame-44/attempt-01/provenance.json,docs/art-source/ferret-sable/motion-source/qa/parent-verdict-set00.md
45,creep,01,docs/art-source/one-frame-method-fullrun-20260724/ferret-sable-set00-oneframe-62/oneframe-coat-40-47-20260725,E:/Development/AnimalDesktop-asset-archives/20260724-ferret-three-variants/ferret-sable-set00-oneframe-62/oneframe-coat-40-47-20260725,docs/art-source/one-frame-method-fullrun-20260724/ferret-sable-set00-oneframe-62/oneframe-coat-40-47-20260725/prompts/frame-45-attempt-01.txt,3bd139238f6438dc6cd03e1871d62d99cac76629602484114ea263b9b267b75d,C:/Users/User/.codex/generated_images/019f9294-327f-7592-a014-99ee348d38f3/call_9hFhQrnAGgB5lKdAoUkyRNBc.png,6c903722305111ff1c24cbc2988a64a43bedf3b53fd73fe8f8fe1cd85d2dfb6b,docs/art-source/one-frame-method-fullrun-20260724/ferret-sable-set00-oneframe-62/oneframe-coat-40-47-20260725/attempts/frame-45/attempt-01/raw.png,6c903722305111ff1c24cbc2988a64a43bedf3b53fd73fe8f8fe1cd85d2dfb6b,docs/art-source/one-frame-method-fullrun-20260724/ferret-sable-set00-oneframe-62/oneframe-coat-40-47-20260725/attempts/frame-45/attempt-01/alpha.png,44941ddf7c43c274775c599bd01d9b51956c9279a1268641ce7ca6ecc64083e6,docs/art-source/one-frame-method-fullrun-20260724/ferret-sable-set00-oneframe-62/oneframe-coat-40-47-20260725/winners/frame-45.png,44941ddf7c43c274775c599bd01d9b51956c9279a1268641ce7ca6ecc64083e6,docs/art-source/ferret-sable/motion-source/accepted-frames/set00/frame-45.png,44941ddf7c43c274775c599bd01d9b51956c9279a1268641ce7ca6ecc64083e6,true,docs/art-source/one-frame-method-fullrun-20260724/ferret-sable-set00-oneframe-62/oneframe-coat-40-47-20260725/attempts/frame-45/attempt-01/provenance.json,docs/art-source/ferret-sable/motion-source/qa/parent-verdict-set00.md
46,creep,01,docs/art-source/one-frame-method-fullrun-20260724/ferret-sable-set00-oneframe-62/oneframe-coat-40-47-20260725,E:/Development/AnimalDesktop-asset-archives/20260724-ferret-three-variants/ferret-sable-set00-oneframe-62/oneframe-coat-40-47-20260725,docs/art-source/one-frame-method-fullrun-20260724/ferret-sable-set00-oneframe-62/oneframe-coat-40-47-20260725/prompts/frame-46-attempt-01.txt,e90ed0973d00bdc092222d305ca596890d6c13549aff5467fb2d40a4ddd912c7,C:/Users/User/.codex/generated_images/019f9294-327f-7592-a014-99ee348d38f3/call_8bsp5iZGhMfIorJb8ftzMraE.png,f9a47828245c75c3ab5999b137fec24cb20affb3133a29ebf098939c9baf1fff,docs/art-source/one-frame-method-fullrun-20260724/ferret-sable-set00-oneframe-62/oneframe-coat-40-47-20260725/attempts/frame-46/attempt-01/raw.png,f9a47828245c75c3ab5999b137fec24cb20affb3133a29ebf098939c9baf1fff,docs/art-source/one-frame-method-fullrun-20260724/ferret-sable-set00-oneframe-62/oneframe-coat-40-47-20260725/attempts/frame-46/attempt-01/alpha.png,b0f4a8dd0b6bef68c425b6a8735a533168b89b8b192f6cd33f63a867cf2c8e0a,docs/art-source/one-frame-method-fullrun-20260724/ferret-sable-set00-oneframe-62/oneframe-coat-40-47-20260725/winners/frame-46.png,b0f4a8dd0b6bef68c425b6a8735a533168b89b8b192f6cd33f63a867cf2c8e0a,docs/art-source/ferret-sable/motion-source/accepted-frames/set00/frame-46.png,b0f4a8dd0b6bef68c425b6a8735a533168b89b8b192f6cd33f63a867cf2c8e0a,true,docs/art-source/one-frame-method-fullrun-20260724/ferret-sable-set00-oneframe-62/oneframe-coat-40-47-20260725/attempts/frame-46/attempt-01/provenance.json,docs/art-source/ferret-sable/motion-source/qa/parent-verdict-set00.md
47,creep,01,docs/art-source/one-frame-method-fullrun-20260724/ferret-sable-set00-oneframe-62/oneframe-coat-40-47-20260725,E:/Development/AnimalDesktop-asset-archives/20260724-ferret-three-variants/ferret-sable-set00-oneframe-62/oneframe-coat-40-47-20260725,docs/art-source/one-frame-method-fullrun-20260724/ferret-sable-set00-oneframe-62/oneframe-coat-40-47-20260725/prompts/frame-47-attempt-01.txt,d18245379d0530efce110ac097361980a8b8782cf02cf05d0872ef0eaf90919c,C:/Users/User/.codex/generated_images/019f9294-327f-7592-a014-99ee348d38f3/call_4Cmk1gyVPRIGURmpgIvX6xOc.png,38d1183805c755bfc05c1ec8be167cb5c0ea4df144d58938ac1e78b96e0e978a,docs/art-source/one-frame-method-fullrun-20260724/ferret-sable-set00-oneframe-62/oneframe-coat-40-47-20260725/attempts/frame-47/attempt-01/raw.png,38d1183805c755bfc05c1ec8be167cb5c0ea4df144d58938ac1e78b96e0e978a,docs/art-source/one-frame-method-fullrun-20260724/ferret-sable-set00-oneframe-62/oneframe-coat-40-47-20260725/attempts/frame-47/attempt-01/alpha.png,e36cf62ce51f6abef2d1943b9f466f01494a3e69cd2357b2d771307e34b84040,docs/art-source/one-frame-method-fullrun-20260724/ferret-sable-set00-oneframe-62/oneframe-coat-40-47-20260725/winners/frame-47.png,e36cf62ce51f6abef2d1943b9f466f01494a3e69cd2357b2d771307e34b84040,docs/art-source/ferret-sable/motion-source/accepted-frames/set00/frame-47.png,e36cf62ce51f6abef2d1943b9f466f01494a3e69cd2357b2d771307e34b84040,true,docs/art-source/one-frame-method-fullrun-20260724/ferret-sable-set00-oneframe-62/oneframe-coat-40-47-20260725/attempts/frame-47/attempt-01/provenance.json,docs/art-source/ferret-sable/motion-source/qa/parent-verdict-set00.md
48,rest,01,docs/art-source/one-frame-method-fullrun-20260724/ferret-sable-set00-oneframe-62/oneframe-coat-48-55-20260725,E:/Development/AnimalDesktop-asset-archives/20260724-ferret-three-variants/ferret-sable-set00-oneframe-62/oneframe-coat-48-55-20260725,docs/art-source/one-frame-method-fullrun-20260724/ferret-sable-set00-oneframe-62/oneframe-coat-48-55-20260725/prompts/frame-48-attempt-01.txt,7a54d7fa7d7b1b565218c6aa0cf987860b210ad637303fe81759f824c7f3d90b,C:/Users/User/.codex/generated_images/019f9294-327f-7592-a014-99ee348d38f3/call_2Du2Nl9AUV5NVg7mwj9n4c97.png,1b8bcf1ffd0d4c1957862ff104754c51b880d3ef27f6511706e7edf931f06e4a,docs/art-source/one-frame-method-fullrun-20260724/ferret-sable-set00-oneframe-62/oneframe-coat-48-55-20260725/attempts/frame-48/attempt-01/raw.png,1b8bcf1ffd0d4c1957862ff104754c51b880d3ef27f6511706e7edf931f06e4a,docs/art-source/one-frame-method-fullrun-20260724/ferret-sable-set00-oneframe-62/oneframe-coat-48-55-20260725/attempts/frame-48/attempt-01/alpha.png,de62c43f539cda24a0753027522044573d3c27e0828b6b5ec4cab0fe95dbf7ac,docs/art-source/one-frame-method-fullrun-20260724/ferret-sable-set00-oneframe-62/oneframe-coat-48-55-20260725/winners/frame-48.png,de62c43f539cda24a0753027522044573d3c27e0828b6b5ec4cab0fe95dbf7ac,docs/art-source/ferret-sable/motion-source/accepted-frames/set00/frame-48.png,de62c43f539cda24a0753027522044573d3c27e0828b6b5ec4cab0fe95dbf7ac,true,docs/art-source/one-frame-method-fullrun-20260724/ferret-sable-set00-oneframe-62/oneframe-coat-48-55-20260725/attempts/frame-48/attempt-01/provenance.json,docs/art-source/ferret-sable/motion-source/qa/parent-verdict-set00.md
49,rest,01,docs/art-source/one-frame-method-fullrun-20260724/ferret-sable-set00-oneframe-62/oneframe-coat-48-55-20260725,E:/Development/AnimalDesktop-asset-archives/20260724-ferret-three-variants/ferret-sable-set00-oneframe-62/oneframe-coat-48-55-20260725,docs/art-source/one-frame-method-fullrun-20260724/ferret-sable-set00-oneframe-62/oneframe-coat-48-55-20260725/prompts/frame-49-attempt-01.txt,646f8e572f36982cf279d23ebe951d47fcb114367cda88eda5fd87d981c40973,C:/Users/User/.codex/generated_images/019f9294-327f-7592-a014-99ee348d38f3/call_CWTu7ziNkZgwxqSv2lbRkMYE.png,9c3d9ebcd028e6260e3eaa8538f2d7dd9a29a64e2bd3d571ee780f0a36bce02b,docs/art-source/one-frame-method-fullrun-20260724/ferret-sable-set00-oneframe-62/oneframe-coat-48-55-20260725/attempts/frame-49/attempt-01/raw.png,9c3d9ebcd028e6260e3eaa8538f2d7dd9a29a64e2bd3d571ee780f0a36bce02b,docs/art-source/one-frame-method-fullrun-20260724/ferret-sable-set00-oneframe-62/oneframe-coat-48-55-20260725/attempts/frame-49/attempt-01/alpha.png,430cbf9c17a83e90a6e0602d415a71dc7b2ca5cf3e959aaaed37b2e312fbb713,docs/art-source/one-frame-method-fullrun-20260724/ferret-sable-set00-oneframe-62/oneframe-coat-48-55-20260725/winners/frame-49.png,430cbf9c17a83e90a6e0602d415a71dc7b2ca5cf3e959aaaed37b2e312fbb713,docs/art-source/ferret-sable/motion-source/accepted-frames/set00/frame-49.png,430cbf9c17a83e90a6e0602d415a71dc7b2ca5cf3e959aaaed37b2e312fbb713,true,docs/art-source/one-frame-method-fullrun-20260724/ferret-sable-set00-oneframe-62/oneframe-coat-48-55-20260725/attempts/frame-49/attempt-01/provenance.json,docs/art-source/ferret-sable/motion-source/qa/parent-verdict-set00.md
50,rest,01,docs/art-source/one-frame-method-fullrun-20260724/ferret-sable-set00-oneframe-62/oneframe-coat-48-55-20260725,E:/Development/AnimalDesktop-asset-archives/20260724-ferret-three-variants/ferret-sable-set00-oneframe-62/oneframe-coat-48-55-20260725,docs/art-source/one-frame-method-fullrun-20260724/ferret-sable-set00-oneframe-62/oneframe-coat-48-55-20260725/prompts/frame-50-attempt-01.txt,b2b6d080f304bbf17e3961905cb999213ebd6aca548221eb528ac8ae36e42820,C:/Users/User/.codex/generated_images/019f9294-327f-7592-a014-99ee348d38f3/call_XmJNzpZyZxG5vJyAU2fYnOiF.png,43da5bbf48ffa0d1a3e543af6654409b51527a2e590f72b8ac65942186f10664,docs/art-source/one-frame-method-fullrun-20260724/ferret-sable-set00-oneframe-62/oneframe-coat-48-55-20260725/attempts/frame-50/attempt-01/raw.png,43da5bbf48ffa0d1a3e543af6654409b51527a2e590f72b8ac65942186f10664,docs/art-source/one-frame-method-fullrun-20260724/ferret-sable-set00-oneframe-62/oneframe-coat-48-55-20260725/attempts/frame-50/attempt-01/alpha.png,7dd0190ffbe054655c76928db6cac0575a9dd6b457e9732a429516f8bc29f2b7,docs/art-source/one-frame-method-fullrun-20260724/ferret-sable-set00-oneframe-62/oneframe-coat-48-55-20260725/winners/frame-50.png,7dd0190ffbe054655c76928db6cac0575a9dd6b457e9732a429516f8bc29f2b7,docs/art-source/ferret-sable/motion-source/accepted-frames/set00/frame-50.png,7dd0190ffbe054655c76928db6cac0575a9dd6b457e9732a429516f8bc29f2b7,true,docs/art-source/one-frame-method-fullrun-20260724/ferret-sable-set00-oneframe-62/oneframe-coat-48-55-20260725/attempts/frame-50/attempt-01/provenance.json,docs/art-source/ferret-sable/motion-source/qa/parent-verdict-set00.md
51,rest,01,docs/art-source/one-frame-method-fullrun-20260724/ferret-sable-set00-oneframe-62/oneframe-coat-48-55-20260725,E:/Development/AnimalDesktop-asset-archives/20260724-ferret-three-variants/ferret-sable-set00-oneframe-62/oneframe-coat-48-55-20260725,docs/art-source/one-frame-method-fullrun-20260724/ferret-sable-set00-oneframe-62/oneframe-coat-48-55-20260725/prompts/frame-51-attempt-01.txt,b062d3e461359586922e415dd7297d8f96cd713cf779fd7ab467cb0d39ba501d,C:/Users/User/.codex/generated_images/019f9294-327f-7592-a014-99ee348d38f3/call_NFaUWsKZguRPjqSlMRJiLiLJ.png,d78068548afa8d2ef6d8967a108c13d7963930f07191afbbfa1ef9bc3c035735,docs/art-source/one-frame-method-fullrun-20260724/ferret-sable-set00-oneframe-62/oneframe-coat-48-55-20260725/attempts/frame-51/attempt-01/raw.png,d78068548afa8d2ef6d8967a108c13d7963930f07191afbbfa1ef9bc3c035735,docs/art-source/one-frame-method-fullrun-20260724/ferret-sable-set00-oneframe-62/oneframe-coat-48-55-20260725/attempts/frame-51/attempt-01/alpha.png,c62448544fb90a5fa0ec741e97192ee4e4bb8b5570568bdae67072333db6c4dd,docs/art-source/one-frame-method-fullrun-20260724/ferret-sable-set00-oneframe-62/oneframe-coat-48-55-20260725/winners/frame-51.png,c62448544fb90a5fa0ec741e97192ee4e4bb8b5570568bdae67072333db6c4dd,docs/art-source/ferret-sable/motion-source/accepted-frames/set00/frame-51.png,c62448544fb90a5fa0ec741e97192ee4e4bb8b5570568bdae67072333db6c4dd,true,docs/art-source/one-frame-method-fullrun-20260724/ferret-sable-set00-oneframe-62/oneframe-coat-48-55-20260725/attempts/frame-51/attempt-01/provenance.json,docs/art-source/ferret-sable/motion-source/qa/parent-verdict-set00.md
52,rest,03,docs/art-source/one-frame-method-fullrun-20260724/ferret-sable-set00-oneframe-62/oneframe-coat-48-55-20260725,E:/Development/AnimalDesktop-asset-archives/20260724-ferret-three-variants/ferret-sable-set00-oneframe-62/oneframe-coat-48-55-20260725,docs/art-source/one-frame-method-fullrun-20260724/ferret-sable-set00-oneframe-62/oneframe-coat-48-55-20260725/prompts/frame-52-attempt-03.txt,7129f8f1f46993f2c9fdbc2c39d4380e2706c8ea643113ff20b3c0bac0d18a82,C:/Users/User/.codex/generated_images/019f9294-327f-7592-a014-99ee348d38f3/call_zKpS4puOBU6WLk3fj1r24aGh.png,51885872336227f79de9143ee625f93d96742aa554ebe2b09deb3864fb80179b,docs/art-source/one-frame-method-fullrun-20260724/ferret-sable-set00-oneframe-62/oneframe-coat-48-55-20260725/attempts/frame-52/attempt-03/raw.png,51885872336227f79de9143ee625f93d96742aa554ebe2b09deb3864fb80179b,docs/art-source/one-frame-method-fullrun-20260724/ferret-sable-set00-oneframe-62/oneframe-coat-48-55-20260725/attempts/frame-52/attempt-03/alpha.png,096c662accbf7cc7e39ca417870a243b3081d7f4c459677356db19f6cc5cefb3,docs/art-source/one-frame-method-fullrun-20260724/ferret-sable-set00-oneframe-62/oneframe-coat-48-55-20260725/winners/frame-52.png,096c662accbf7cc7e39ca417870a243b3081d7f4c459677356db19f6cc5cefb3,docs/art-source/ferret-sable/motion-source/accepted-frames/set00/frame-52.png,096c662accbf7cc7e39ca417870a243b3081d7f4c459677356db19f6cc5cefb3,true,docs/art-source/one-frame-method-fullrun-20260724/ferret-sable-set00-oneframe-62/oneframe-coat-48-55-20260725/attempts/frame-52/attempt-03/provenance.json,docs/art-source/ferret-sable/motion-source/qa/parent-verdict-set00.md
53,rest,01,docs/art-source/one-frame-method-fullrun-20260724/ferret-sable-set00-oneframe-62/oneframe-coat-48-55-20260725,E:/Development/AnimalDesktop-asset-archives/20260724-ferret-three-variants/ferret-sable-set00-oneframe-62/oneframe-coat-48-55-20260725,docs/art-source/one-frame-method-fullrun-20260724/ferret-sable-set00-oneframe-62/oneframe-coat-48-55-20260725/prompts/frame-53-attempt-01.txt,9b85eed1e55cd42bdf6b09aa3920def66070a0b4d38be521aab87fd9a6b1ca81,C:/Users/User/.codex/generated_images/019f9294-327f-7592-a014-99ee348d38f3/call_Ro8ZMJTDFTtgEYzfvje91D7W.png,7aabea366176d6d0f5e9838e2943f79f8f87c4d4825e4253aa84629d71db2635,docs/art-source/one-frame-method-fullrun-20260724/ferret-sable-set00-oneframe-62/oneframe-coat-48-55-20260725/attempts/frame-53/attempt-01/raw.png,7aabea366176d6d0f5e9838e2943f79f8f87c4d4825e4253aa84629d71db2635,docs/art-source/one-frame-method-fullrun-20260724/ferret-sable-set00-oneframe-62/oneframe-coat-48-55-20260725/attempts/frame-53/attempt-01/alpha.png,b645a36704d28ced0b663c9cca3f8b3c3633b66138e37fea0aa2edf431d92d7d,docs/art-source/one-frame-method-fullrun-20260724/ferret-sable-set00-oneframe-62/oneframe-coat-48-55-20260725/winners/frame-53.png,b645a36704d28ced0b663c9cca3f8b3c3633b66138e37fea0aa2edf431d92d7d,docs/art-source/ferret-sable/motion-source/accepted-frames/set00/frame-53.png,b645a36704d28ced0b663c9cca3f8b3c3633b66138e37fea0aa2edf431d92d7d,true,docs/art-source/one-frame-method-fullrun-20260724/ferret-sable-set00-oneframe-62/oneframe-coat-48-55-20260725/attempts/frame-53/attempt-01/provenance.json,docs/art-source/ferret-sable/motion-source/qa/parent-verdict-set00.md
54,rest,01,docs/art-source/one-frame-method-fullrun-20260724/ferret-sable-set00-oneframe-62/oneframe-coat-48-55-20260725,E:/Development/AnimalDesktop-asset-archives/20260724-ferret-three-variants/ferret-sable-set00-oneframe-62/oneframe-coat-48-55-20260725,docs/art-source/one-frame-method-fullrun-20260724/ferret-sable-set00-oneframe-62/oneframe-coat-48-55-20260725/prompts/frame-54-attempt-01.txt,d6051f407875ad27dead15e1addcd92a60a4bfd05030df150d736f38c0f5b6ec,C:/Users/User/.codex/generated_images/019f9294-327f-7592-a014-99ee348d38f3/call_zdT7AGayZFJaIwmOLvy52FHc.png,bbbdf7255abce78d31da9450f28f3727024e17ac04c5110152584ab4b937ba4b,docs/art-source/one-frame-method-fullrun-20260724/ferret-sable-set00-oneframe-62/oneframe-coat-48-55-20260725/attempts/frame-54/attempt-01/raw.png,bbbdf7255abce78d31da9450f28f3727024e17ac04c5110152584ab4b937ba4b,docs/art-source/one-frame-method-fullrun-20260724/ferret-sable-set00-oneframe-62/oneframe-coat-48-55-20260725/attempts/frame-54/attempt-01/alpha.png,7be09c7d20102359738afea406476cf9421be5f35be756c54428eaf340c80945,docs/art-source/one-frame-method-fullrun-20260724/ferret-sable-set00-oneframe-62/oneframe-coat-48-55-20260725/winners/frame-54.png,7be09c7d20102359738afea406476cf9421be5f35be756c54428eaf340c80945,docs/art-source/ferret-sable/motion-source/accepted-frames/set00/frame-54.png,7be09c7d20102359738afea406476cf9421be5f35be756c54428eaf340c80945,true,docs/art-source/one-frame-method-fullrun-20260724/ferret-sable-set00-oneframe-62/oneframe-coat-48-55-20260725/attempts/frame-54/attempt-01/provenance.json,docs/art-source/ferret-sable/motion-source/qa/parent-verdict-set00.md
55,rest,01,docs/art-source/one-frame-method-fullrun-20260724/ferret-sable-set00-oneframe-62/oneframe-coat-48-55-20260725,E:/Development/AnimalDesktop-asset-archives/20260724-ferret-three-variants/ferret-sable-set00-oneframe-62/oneframe-coat-48-55-20260725,docs/art-source/one-frame-method-fullrun-20260724/ferret-sable-set00-oneframe-62/oneframe-coat-48-55-20260725/prompts/frame-55-attempt-01.txt,680a10b3ad792bf4f8b88fcbc319e760ad98617dc271c9a2ea4b2415102244f0,C:/Users/User/.codex/generated_images/019f9294-327f-7592-a014-99ee348d38f3/call_pYqev2ZLQPmOWHDuxYkcQthc.png,c1a9201d5b01443ad0a1fcfdd6b72d95a28dfb678065ae5dc3e72f5d31cd81ca,docs/art-source/one-frame-method-fullrun-20260724/ferret-sable-set00-oneframe-62/oneframe-coat-48-55-20260725/attempts/frame-55/attempt-01/raw.png,c1a9201d5b01443ad0a1fcfdd6b72d95a28dfb678065ae5dc3e72f5d31cd81ca,docs/art-source/one-frame-method-fullrun-20260724/ferret-sable-set00-oneframe-62/oneframe-coat-48-55-20260725/attempts/frame-55/attempt-01/alpha.png,a834d59e43d924e1a94a579a901537c1633856a2ede9027b95c7a775393ce72e,docs/art-source/one-frame-method-fullrun-20260724/ferret-sable-set00-oneframe-62/oneframe-coat-48-55-20260725/winners/frame-55.png,a834d59e43d924e1a94a579a901537c1633856a2ede9027b95c7a775393ce72e,docs/art-source/ferret-sable/motion-source/accepted-frames/set00/frame-55.png,a834d59e43d924e1a94a579a901537c1633856a2ede9027b95c7a775393ce72e,true,docs/art-source/one-frame-method-fullrun-20260724/ferret-sable-set00-oneframe-62/oneframe-coat-48-55-20260725/attempts/frame-55/attempt-01/provenance.json,docs/art-source/ferret-sable/motion-source/qa/parent-verdict-set00.md
56,alert,01,docs/art-source/one-frame-method-fullrun-20260724/ferret-sable-set00-oneframe-62/oneframe-coat-56-61-20260726,E:/Development/AnimalDesktop-asset-archives/20260724-ferret-three-variants/ferret-sable-set00-oneframe-62/oneframe-coat-56-61-20260726,docs/art-source/one-frame-method-fullrun-20260724/ferret-sable-set00-oneframe-62/oneframe-coat-56-61-20260726/prompts/frame-56-attempt-01.txt,1ca8e67d30f6b1e3f3219a63d5b905b5b8fac51aef80c2ea39f4e540ea531e53,C:/Users/User/.codex/generated_images/019f9294-327f-7592-a014-99ee348d38f3/call_xmwEwznYxJ9b0aXJtyXVNZBJ.png,51d412c7646dfba2bbfe4c0a86482cc837738c86eaee8275725e39cb1a5aa730,docs/art-source/one-frame-method-fullrun-20260724/ferret-sable-set00-oneframe-62/oneframe-coat-56-61-20260726/attempts/frame-56/attempt-01/raw.png,51d412c7646dfba2bbfe4c0a86482cc837738c86eaee8275725e39cb1a5aa730,docs/art-source/one-frame-method-fullrun-20260724/ferret-sable-set00-oneframe-62/oneframe-coat-56-61-20260726/attempts/frame-56/attempt-01/alpha.png,635df93a18a7e215ff5ab7a4143f2ebaee69e267b664baa2d506d9ca889687ee,docs/art-source/one-frame-method-fullrun-20260724/ferret-sable-set00-oneframe-62/oneframe-coat-56-61-20260726/winners/frame-56.png,635df93a18a7e215ff5ab7a4143f2ebaee69e267b664baa2d506d9ca889687ee,docs/art-source/ferret-sable/motion-source/accepted-frames/set00/frame-56.png,635df93a18a7e215ff5ab7a4143f2ebaee69e267b664baa2d506d9ca889687ee,true,docs/art-source/one-frame-method-fullrun-20260724/ferret-sable-set00-oneframe-62/oneframe-coat-56-61-20260726/attempts/frame-56/attempt-01/provenance.json,docs/art-source/ferret-sable/motion-source/qa/parent-verdict-set00.md
57,alert,01,docs/art-source/one-frame-method-fullrun-20260724/ferret-sable-set00-oneframe-62/oneframe-coat-56-61-20260726,E:/Development/AnimalDesktop-asset-archives/20260724-ferret-three-variants/ferret-sable-set00-oneframe-62/oneframe-coat-56-61-20260726,docs/art-source/one-frame-method-fullrun-20260724/ferret-sable-set00-oneframe-62/oneframe-coat-56-61-20260726/prompts/frame-57-attempt-01.txt,7015708912032d000d640ad1976fa3fd403c76022c5a2c245adfe3ad44455116,C:/Users/User/.codex/generated_images/019f9294-327f-7592-a014-99ee348d38f3/call_OUeGBdhgpXL6vVUYz5r3A9eT.png,e4bbdc99c482f24bac3d926bfd94ba767f0b099d6ba985cd9123b8a5a2f201ae,docs/art-source/one-frame-method-fullrun-20260724/ferret-sable-set00-oneframe-62/oneframe-coat-56-61-20260726/attempts/frame-57/attempt-01/raw.png,e4bbdc99c482f24bac3d926bfd94ba767f0b099d6ba985cd9123b8a5a2f201ae,docs/art-source/one-frame-method-fullrun-20260724/ferret-sable-set00-oneframe-62/oneframe-coat-56-61-20260726/attempts/frame-57/attempt-01/alpha.png,142bc0b1980e687070c1445236546f30dfcb4975e6a8dd6ef6fc812b619b776e,docs/art-source/one-frame-method-fullrun-20260724/ferret-sable-set00-oneframe-62/oneframe-coat-56-61-20260726/winners/frame-57.png,142bc0b1980e687070c1445236546f30dfcb4975e6a8dd6ef6fc812b619b776e,docs/art-source/ferret-sable/motion-source/accepted-frames/set00/frame-57.png,142bc0b1980e687070c1445236546f30dfcb4975e6a8dd6ef6fc812b619b776e,true,docs/art-source/one-frame-method-fullrun-20260724/ferret-sable-set00-oneframe-62/oneframe-coat-56-61-20260726/attempts/frame-57/attempt-01/provenance.json,docs/art-source/ferret-sable/motion-source/qa/parent-verdict-set00.md
58,alert,01,docs/art-source/one-frame-method-fullrun-20260724/ferret-sable-set00-oneframe-62/oneframe-coat-56-61-20260726,E:/Development/AnimalDesktop-asset-archives/20260724-ferret-three-variants/ferret-sable-set00-oneframe-62/oneframe-coat-56-61-20260726,docs/art-source/one-frame-method-fullrun-20260724/ferret-sable-set00-oneframe-62/oneframe-coat-56-61-20260726/prompts/frame-58-attempt-01.txt,11be4076d0c81f1696a2ddcc45199c78664b06f97e682f73dad01bc4cc11adf4,C:/Users/User/.codex/generated_images/019f9294-327f-7592-a014-99ee348d38f3/call_7jnlDAGfSvAxeWLZLciKpD08.png,1d334b4b3abb3e2770a4b8383357c15bc812eb66e0f5fbf4490f462f20ebf039,docs/art-source/one-frame-method-fullrun-20260724/ferret-sable-set00-oneframe-62/oneframe-coat-56-61-20260726/attempts/frame-58/attempt-01/raw.png,1d334b4b3abb3e2770a4b8383357c15bc812eb66e0f5fbf4490f462f20ebf039,docs/art-source/one-frame-method-fullrun-20260724/ferret-sable-set00-oneframe-62/oneframe-coat-56-61-20260726/attempts/frame-58/attempt-01/alpha.png,01b1a0884082d19ec96b3d6b664098adf48aa94a03edc55a9491b8650bd8e0d0,docs/art-source/one-frame-method-fullrun-20260724/ferret-sable-set00-oneframe-62/oneframe-coat-56-61-20260726/winners/frame-58.png,01b1a0884082d19ec96b3d6b664098adf48aa94a03edc55a9491b8650bd8e0d0,docs/art-source/ferret-sable/motion-source/accepted-frames/set00/frame-58.png,01b1a0884082d19ec96b3d6b664098adf48aa94a03edc55a9491b8650bd8e0d0,true,docs/art-source/one-frame-method-fullrun-20260724/ferret-sable-set00-oneframe-62/oneframe-coat-56-61-20260726/attempts/frame-58/attempt-01/provenance.json,docs/art-source/ferret-sable/motion-source/qa/parent-verdict-set00.md
59,alert,01,docs/art-source/one-frame-method-fullrun-20260724/ferret-sable-set00-oneframe-62/oneframe-coat-56-61-20260726,E:/Development/AnimalDesktop-asset-archives/20260724-ferret-three-variants/ferret-sable-set00-oneframe-62/oneframe-coat-56-61-20260726,docs/art-source/one-frame-method-fullrun-20260724/ferret-sable-set00-oneframe-62/oneframe-coat-56-61-20260726/prompts/frame-59-attempt-01.txt,35059dc85eee34b1f4de1267689011ac0a49dccdde70f31b8c7efe2f224e513d,C:/Users/User/.codex/generated_images/019f9294-327f-7592-a014-99ee348d38f3/call_WvYTbfC3LrUeDjTwhh21LeoR.png,6d72ebd9d92b9a2355f2f6eb9a494b8922928e94ceae119710d43c7a2fe94f50,docs/art-source/one-frame-method-fullrun-20260724/ferret-sable-set00-oneframe-62/oneframe-coat-56-61-20260726/attempts/frame-59/attempt-01/raw.png,6d72ebd9d92b9a2355f2f6eb9a494b8922928e94ceae119710d43c7a2fe94f50,docs/art-source/one-frame-method-fullrun-20260724/ferret-sable-set00-oneframe-62/oneframe-coat-56-61-20260726/attempts/frame-59/attempt-01/alpha.png,6c01012433ca034ab7a206d67d8c4000650925b4662300f530f5b4e533759390,docs/art-source/one-frame-method-fullrun-20260724/ferret-sable-set00-oneframe-62/oneframe-coat-56-61-20260726/winners/frame-59.png,6c01012433ca034ab7a206d67d8c4000650925b4662300f530f5b4e533759390,docs/art-source/ferret-sable/motion-source/accepted-frames/set00/frame-59.png,6c01012433ca034ab7a206d67d8c4000650925b4662300f530f5b4e533759390,true,docs/art-source/one-frame-method-fullrun-20260724/ferret-sable-set00-oneframe-62/oneframe-coat-56-61-20260726/attempts/frame-59/attempt-01/provenance.json,docs/art-source/ferret-sable/motion-source/qa/parent-verdict-set00.md
60,alert,03,docs/art-source/one-frame-method-fullrun-20260724/ferret-sable-set00-oneframe-62/oneframe-coat-56-61-20260726,E:/Development/AnimalDesktop-asset-archives/20260724-ferret-three-variants/ferret-sable-set00-oneframe-62/oneframe-coat-56-61-20260726,docs/art-source/one-frame-method-fullrun-20260724/ferret-sable-set00-oneframe-62/oneframe-coat-56-61-20260726/prompts/frame-60-attempt-03.txt,586de61618e119581cf86527409839c1aac397229c4f4eb069a64fe9bd7ddadb,C:/Users/User/.codex/generated_images/019f9294-327f-7592-a014-99ee348d38f3/call_N8Gv0jKRACs9Obbluaos1RIh.png,35b40bf6b547bb570769df9133a2489af9136cfbaccf1c700f35a0dbc7939f5e,docs/art-source/one-frame-method-fullrun-20260724/ferret-sable-set00-oneframe-62/oneframe-coat-56-61-20260726/attempts/frame-60/attempt-03/raw.png,35b40bf6b547bb570769df9133a2489af9136cfbaccf1c700f35a0dbc7939f5e,docs/art-source/one-frame-method-fullrun-20260724/ferret-sable-set00-oneframe-62/oneframe-coat-56-61-20260726/attempts/frame-60/attempt-03/alpha.png,f662e5e7a5c1abba8f42d6614533178640f13c0e9ba26f0b4f60de6e16a9d474,docs/art-source/one-frame-method-fullrun-20260724/ferret-sable-set00-oneframe-62/oneframe-coat-56-61-20260726/winners/frame-60.png,f662e5e7a5c1abba8f42d6614533178640f13c0e9ba26f0b4f60de6e16a9d474,docs/art-source/ferret-sable/motion-source/accepted-frames/set00/frame-60.png,f662e5e7a5c1abba8f42d6614533178640f13c0e9ba26f0b4f60de6e16a9d474,true,docs/art-source/one-frame-method-fullrun-20260724/ferret-sable-set00-oneframe-62/oneframe-coat-56-61-20260726/attempts/frame-60/attempt-03/provenance.json,docs/art-source/ferret-sable/motion-source/qa/parent-verdict-set00.md
61,alert,03,docs/art-source/one-frame-method-fullrun-20260724/ferret-sable-set00-oneframe-62/oneframe-coat-56-61-20260726,E:/Development/AnimalDesktop-asset-archives/20260724-ferret-three-variants/ferret-sable-set00-oneframe-62/oneframe-coat-56-61-20260726,docs/art-source/one-frame-method-fullrun-20260724/ferret-sable-set00-oneframe-62/oneframe-coat-56-61-20260726/prompts/frame-61-attempt-03.txt,61d2224a6a328eba0ef8536bff39ad564d099ad77d49a94238feb12239f03168,C:/Users/User/.codex/generated_images/019f9294-327f-7592-a014-99ee348d38f3/call_GOcsoUdVni5BJpPUfpP7aSOG.png,671166a214a4d15d71403bf87be3a794b51a4412a3f502e9f8cf1c93ea0cbb8a,docs/art-source/one-frame-method-fullrun-20260724/ferret-sable-set00-oneframe-62/oneframe-coat-56-61-20260726/attempts/frame-61/attempt-03/raw.png,671166a214a4d15d71403bf87be3a794b51a4412a3f502e9f8cf1c93ea0cbb8a,docs/art-source/one-frame-method-fullrun-20260724/ferret-sable-set00-oneframe-62/oneframe-coat-56-61-20260726/attempts/frame-61/attempt-03/alpha.png,c67b9266ae40a932ebb44294897fc89d9e97fdb3831bcd8935d453e4b3289882,docs/art-source/one-frame-method-fullrun-20260724/ferret-sable-set00-oneframe-62/oneframe-coat-56-61-20260726/winners/frame-61.png,c67b9266ae40a932ebb44294897fc89d9e97fdb3831bcd8935d453e4b3289882,docs/art-source/ferret-sable/motion-source/accepted-frames/set00/frame-61.png,c67b9266ae40a932ebb44294897fc89d9e97fdb3831bcd8935d453e4b3289882,true,docs/art-source/one-frame-method-fullrun-20260724/ferret-sable-set00-oneframe-62/oneframe-coat-56-61-20260726/attempts/frame-61/attempt-03/provenance.json,docs/art-source/ferret-sable/motion-source/qa/parent-verdict-set00.md
